transaction_id,date,amount,reference,description,bank_account,transaction_type,day_of_week,reference_clean,amount_abs
BANK00250,2024-01-01,418.23,REF984979,Transaction REF984979,BUSINESS_ACCOUNT_001,CREDIT,Monday,ref984979,418.23
BANK00105,2024-01-01,799.12,REF242045,Transaction REF242045,BUSINESS_ACCOUNT_001,DEBIT,Monday,ref242045,799.12
BANK00136,2024-01-01,1068.91,CHK356210,Transaction CHK356210,BUSINESS_ACCOUNT_001,DEBIT,Monday,chk356210,1068.91
BANK00474,2024-01-01,50.0,INV862347,Transaction INV862347,BUSINESS_ACCOUNT_001,CREDIT,Monday,inv862347,50.0
BANK00438,2024-01-01,603.77,INV476627,Transaction INV476627,BUSINESS_ACCOUNT_001,DEBIT,Monday,inv476627,603.77
BANK00434,2024-01-01,250.0,PAY546511,Transaction PAY546511,BUSINESS_ACCOUNT_001,TRANSFER,Monday,pay546511,250.0
BANK00210,2024-01-01,1442.87,TRF944674,Transaction TRF944674,BUSINESS_ACCOUNT_001,DEBIT,Monday,trf944674,1442.87
BANK00432,2024-01-01,749.95,SAL993654,Transaction SAL993654,BUSINESS_ACCOUNT_001,TRANSFER,Monday,sal993654,749.95
BANK00177,2024-01-01,829.56,SAL558783,Transaction SAL558783,BUSINESS_ACCOUNT_001,CREDIT,Monday,sal558783,829.56
BANK00263,2024-01-01,1107.93,REF738501,Transaction REF738501,BUSINESS_ACCOUNT_001,CREDIT,Monday,ref738501,1107.93
BANK00206,2024-01-02,230.16,SAL362616,Transaction SAL362616,BUSINESS_ACCOUNT_001,CREDIT,Tuesday,sal362616,230.16
BANK00207,2024-01-02,263.7,PAY925168,Transaction PAY925168,BUSINESS_ACCOUNT_001,DEBIT,Tuesday,pay925168,263.7
BANK00262,2024-01-02,1735.32,CHK180489,Transaction CHK180489,BUSINESS_ACCOUNT_001,DEBIT,Tuesday,chk180489,1735.32
BANK00201,2024-01-02,1507.28,REF034546,Transaction REF034546,BUSINESS_ACCOUNT_001,DEBIT,Tuesday,ref034546,1507.28
BANK00212,2024-01-02,511.08,SAL512083,Transaction SAL512083,BUSINESS_ACCOUNT_001,DEBIT,Tuesday,sal512083,511.08
BANK00068,2024-01-02,500.0,TRF097507,Transaction TRF097507,BUSINESS_ACCOUNT_001,DEBIT,Tuesday,trf097507,500.0
BANK00015,2024-01-02,484.09,TRF931083,Transaction TRF931083,BUSINESS_ACCOUNT_001,CREDIT,Tuesday,trf931083,484.09
BANK00359,2024-01-02,841.36,TRF794369,Transaction TRF794369,BUSINESS_ACCOUNT_001,DEBIT,Tuesday,trf794369,841.36
BANK00055,2024-01-02,50.0,CHK617275,Transaction CHK617275,BUSINESS_ACCOUNT_001,TRANSFER,Tuesday,chk617275,50.0
BANK00019,2024-01-02,31.57,REF735020,Transaction REF735020,BUSINESS_ACCOUNT_001,CREDIT,Tuesday,ref735020,31.57
BANK00480,2024-01-02,500.0,TRF728676,Transaction TRF728676,BUSINESS_ACCOUNT_001,TRANSFER,Tuesday,trf728676,500.0
BANK00273,2024-01-03,250.0,PAY866083,Transaction PAY866083,BUSINESS_ACCOUNT_001,CREDIT,Wednesday,pay866083,250.0
BANK00235,2024-01-03,1840.51,PAY817459,Transaction PAY817459,BUSINESS_ACCOUNT_001,DEBIT,Wednesday,pay817459,1840.51
BANK00041,2024-01-03,1419.28,INV886497,Transaction INV886497,BUSINESS_ACCOUNT_001,CREDIT,Wednesday,inv886497,1419.28
BANK00135,2024-01-03,1791.46,CHK588177,Transaction CHK588177,BUSINESS_ACCOUNT_001,DEBIT,Wednesday,chk588177,1791.46
BANK00181,2024-01-03,370.65,TRF632107,Transaction TRF632107,BUSINESS_ACCOUNT_001,DEBIT,Wednesday,trf632107,370.65
BANK00012,2024-01-03,264.1,PAY501091,Transaction PAY501091,BUSINESS_ACCOUNT_001,CREDIT,Wednesday,pay501091,264.1
BANK00202,2024-01-03,1559.36,TRF821851,Transaction TRF821851,BUSINESS_ACCOUNT_001,TRANSFER,Wednesday,trf821851,1559.36
BANK00048,2024-01-04,1490.98,PAY424649,Transaction PAY424649,BUSINESS_ACCOUNT_001,TRANSFER,Thursday,pay424649,1490.98
BANK00067,2024-01-04,100.0,TRF494859,Transaction TRF494859,BUSINESS_ACCOUNT_001,CREDIT,Thursday,trf494859,100.0
BANK00150,2024-01-04,500.0,REF414360,Transaction REF414360,BUSINESS_ACCOUNT_001,CREDIT,Thursday,ref414360,500.0
BANK00071,2024-01-04,333.61,CHK507422,Transaction CHK507422,BUSINESS_ACCOUNT_001,CREDIT,Thursday,chk507422,333.61
BANK00476,2024-01-04,250.0,TRF562854,Transaction TRF562854,BUSINESS_ACCOUNT_001,DEBIT,Thursday,trf562854,250.0
BANK00326,2024-01-04,1582.13,REF774974,Transaction REF774974,BUSINESS_ACCOUNT_001,DEBIT,Thursday,ref774974,1582.13
BANK00137,2024-01-05,250.0,INV804687,Transaction INV804687,BUSINESS_ACCOUNT_001,CREDIT,Friday,inv804687,250.0
BANK00410,2024-01-05,250.0,REF580754,Transaction REF580754,BUSINESS_ACCOUNT_001,CREDIT,Friday,ref580754,250.0
BANK00115,2024-01-05,368.33,INV685950,Transaction INV685950,BUSINESS_ACCOUNT_001,DEBIT,Friday,inv685950,368.33
BANK00069,2024-01-06,1076.83,CHK301246,Transaction CHK301246,BUSINESS_ACCOUNT_001,CREDIT,Saturday,chk301246,1076.83
BANK00334,2024-01-06,250.0,PAY351679,Transaction PAY351679,BUSINESS_ACCOUNT_001,CREDIT,Saturday,pay351679,250.0
BANK00412,2024-01-06,22.71,REF049457,Transaction REF049457,BUSINESS_ACCOUNT_001,CREDIT,Saturday,ref049457,22.71
BANK00167,2024-01-06,100.0,REF849690,Transaction REF849690,BUSINESS_ACCOUNT_001,TRANSFER,Saturday,ref849690,100.0
BANK00043,2024-01-07,504.96,SAL656761,Transaction SAL656761,BUSINESS_ACCOUNT_001,CREDIT,Sunday,sal656761,504.96
BANK00258,2024-01-07,500.0,SAL621387,Transaction SAL621387,BUSINESS_ACCOUNT_001,CREDIT,Sunday,sal621387,500.0
BANK00302,2024-01-07,843.35,CHK990439,Transaction CHK990439,BUSINESS_ACCOUNT_001,DEBIT,Sunday,chk990439,843.35
BANK00374,2024-01-07,469.03,INV457904,Transaction INV457904,BUSINESS_ACCOUNT_001,DEBIT,Sunday,inv457904,469.03
BANK00118,2024-01-07,1207.85,TRF500532,Transaction TRF500532,BUSINESS_ACCOUNT_001,CREDIT,Sunday,trf500532,1207.85
BANK00315,2024-01-08,500.0,CHK419016,Transaction CHK419016,BUSINESS_ACCOUNT_001,DEBIT,Monday,chk419016,500.0
BANK00301,2024-01-08,358.99,TRF470685,Transaction TRF470685,BUSINESS_ACCOUNT_001,TRANSFER,Monday,trf470685,358.99
BANK00407,2024-01-08,1923.02,REF101634,Transaction REF101634,BUSINESS_ACCOUNT_001,TRANSFER,Monday,ref101634,1923.02
BANK00106,2024-01-08,1726.1,INV402122,Transaction INV402122,BUSINESS_ACCOUNT_001,CREDIT,Monday,inv402122,1726.1
BANK00060,2024-01-08,1172.79,INV748092,Transaction INV748092,BUSINESS_ACCOUNT_001,DEBIT,Monday,inv748092,1172.79
BANK00380,2024-01-08,527.86,SAL795586,Transaction SAL795586,BUSINESS_ACCOUNT_001,CREDIT,Monday,sal795586,527.86
BANK00111,2024-01-08,1270.47,INV129412,Transaction INV129412,BUSINESS_ACCOUNT_001,CREDIT,Monday,inv129412,1270.47
BANK00430,2024-01-09,50.0,INV469729,Transaction INV469729,BUSINESS_ACCOUNT_001,DEBIT,Tuesday,inv469729,50.0
BANK00363,2024-01-09,1433.95,PAY056453,Transaction PAY056453,BUSINESS_ACCOUNT_001,DEBIT,Tuesday,pay056453,1433.95
BANK00269,2024-01-09,1210.36,CHK938258,Transaction CHK938258,BUSINESS_ACCOUNT_001,CREDIT,Tuesday,chk938258,1210.36
BANK00052,2024-01-09,250.0,REF423339,Transaction REF423339,BUSINESS_ACCOUNT_001,DEBIT,Tuesday,ref423339,250.0
BANK00185,2024-01-09,50.0,PAY730155,Transaction PAY730155,BUSINESS_ACCOUNT_001,DEBIT,Tuesday,pay730155,50.0
BANK00103,2024-01-09,250.0,INV302371,Transaction INV302371,BUSINESS_ACCOUNT_001,CREDIT,Tuesday,inv302371,250.0
BANK00141,2024-01-09,187.52,PAY108694,Transaction PAY108694,BUSINESS_ACCOUNT_001,TRANSFER,Tuesday,pay108694,187.52
BANK00471,2024-01-10,1123.7,INV100407,Transaction INV100407,BUSINESS_ACCOUNT_001,CREDIT,Wednesday,inv100407,1123.7
BANK00467,2024-01-10,1905.77,TRF852139,Transaction TRF852139,BUSINESS_ACCOUNT_001,CREDIT,Wednesday,trf852139,1905.77
BANK00109,2024-01-11,50.0,REF802949,Transaction REF802949,BUSINESS_ACCOUNT_001,TRANSFER,Thursday,ref802949,50.0
BANK00229,2024-01-11,629.77,TRF818400,Transaction TRF818400,BUSINESS_ACCOUNT_001,TRANSFER,Thursday,trf818400,629.77
BANK00251,2024-01-11,50.0,REF229195,Transaction REF229195,BUSINESS_ACCOUNT_001,CREDIT,Thursday,ref229195,50.0
BANK00265,2024-01-12,1194.15,PAY638600,Transaction PAY638600,BUSINESS_ACCOUNT_001,CREDIT,Friday,pay638600,1194.15
BANK00199,2024-01-12,995.89,CHK331190,Transaction CHK331190,BUSINESS_ACCOUNT_001,TRANSFER,Friday,chk331190,995.89
BANK00484,2024-01-12,1743.23,CHK361584,Transaction CHK361584,BUSINESS_ACCOUNT_001,CREDIT,Friday,chk361584,1743.23
BANK00492,2024-01-12,1000.0,INV132225,Transaction INV132225,BUSINESS_ACCOUNT_001,DEBIT,Friday,inv132225,1000.0
BANK00121,2024-01-12,73.29,PAY971887,Transaction PAY971887,BUSINESS_ACCOUNT_001,TRANSFER,Friday,pay971887,73.29
BANK00431,2024-01-12,140.6,REF304545,Transaction REF304545,BUSINESS_ACCOUNT_001,CREDIT,Friday,ref304545,140.6
BANK00418,2024-01-13,1087.12,TRF394189,Transaction TRF394189,BUSINESS_ACCOUNT_001,CREDIT,Saturday,trf394189,1087.12
BANK00156,2024-01-13,112.75,REF828769,Transaction REF828769,BUSINESS_ACCOUNT_001,CREDIT,Saturday,ref828769,112.75
BANK00372,2024-01-13,1677.27,REF383371,Transaction REF383371,BUSINESS_ACCOUNT_001,DEBIT,Saturday,ref383371,1677.27
BANK00382,2024-01-14,1795.9,INV571733,Transaction INV571733,BUSINESS_ACCOUNT_001,DEBIT,Sunday,inv571733,1795.9
BANK00051,2024-01-14,100.0,PAY357757,Transaction PAY357757,BUSINESS_ACCOUNT_001,CREDIT,Sunday,pay357757,100.0
BANK00297,2024-01-14,222.09,PAY925448,Transaction PAY925448,BUSINESS_ACCOUNT_001,TRANSFER,Sunday,pay925448,222.09
BANK00080,2024-01-14,1142.47,PAY575176,Transaction PAY575176,BUSINESS_ACCOUNT_001,DEBIT,Sunday,pay575176,1142.47
BANK00139,2024-01-14,50.0,INV427598,Transaction INV427598,BUSINESS_ACCOUNT_001,TRANSFER,Sunday,inv427598,50.0
BANK00143,2024-01-15,953.2,PAY271816,Transaction PAY271816,BUSINESS_ACCOUNT_001,DEBIT,Monday,pay271816,953.2
BANK00152,2024-01-15,50.0,SAL684462,Transaction SAL684462,BUSINESS_ACCOUNT_001,DEBIT,Monday,sal684462,50.0
BANK00098,2024-01-15,50.0,INV352367,Transaction INV352367,BUSINESS_ACCOUNT_001,CREDIT,Monday,inv352367,50.0
BANK00002,2024-01-15,250.0,TRF365765,Transaction TRF365765,BUSINESS_ACCOUNT_001,DEBIT,Monday,trf365765,250.0
BANK00082,2024-01-15,554.08,TRF564170,Transaction TRF564170,BUSINESS_ACCOUNT_001,DEBIT,Monday,trf564170,554.08
BANK00385,2024-01-15,1721.65,SAL347713,Transaction SAL347713,BUSINESS_ACCOUNT_001,DEBIT,Monday,sal347713,1721.65
BANK00404,2024-01-15,484.99,CHK676382,Transaction CHK676382,BUSINESS_ACCOUNT_001,CREDIT,Monday,chk676382,484.99
BANK00033,2024-01-15,1678.58,TRF271574,Transaction TRF271574,BUSINESS_ACCOUNT_001,CREDIT,Monday,trf271574,1678.58
BANK00477,2024-01-16,409.71,REF885968,Transaction REF885968,BUSINESS_ACCOUNT_001,CREDIT,Tuesday,ref885968,409.71
BANK00439,2024-01-16,1547.92,PAY398004,Transaction PAY398004,BUSINESS_ACCOUNT_001,CREDIT,Tuesday,pay398004,1547.92
BANK00459,2024-01-16,502.6,CHK371802,Transaction CHK371802,BUSINESS_ACCOUNT_001,DEBIT,Tuesday,chk371802,502.6
BANK00259,2024-01-16,548.78,INV217338,Transaction INV217338,BUSINESS_ACCOUNT_001,DEBIT,Tuesday,inv217338,548.78
BANK00417,2024-01-16,222.89,PAY833303,Transaction PAY833303,BUSINESS_ACCOUNT_001,TRANSFER,Tuesday,pay833303,222.89
BANK00230,2024-01-16,50.0,PAY693644,Transaction PAY693644,BUSINESS_ACCOUNT_001,CREDIT,Tuesday,pay693644,50.0
BANK00448,2024-01-16,100.0,SAL674527,Transaction SAL674527,BUSINESS_ACCOUNT_001,CREDIT,Tuesday,sal674527,100.0
BANK00381,2024-01-16,987.46,PAY014354,Transaction PAY014354,BUSINESS_ACCOUNT_001,CREDIT,Tuesday,pay014354,987.46
BANK00223,2024-01-17,147.15,PAY054414,Transaction PAY054414,BUSINESS_ACCOUNT_001,TRANSFER,Wednesday,pay054414,147.15
BANK00421,2024-01-17,1000.0,CHK613530,Transaction CHK613530,BUSINESS_ACCOUNT_001,DEBIT,Wednesday,chk613530,1000.0
BANK00330,2024-01-17,1387.63,INV641886,Transaction INV641886,BUSINESS_ACCOUNT_001,DEBIT,Wednesday,inv641886,1387.63
BANK00361,2024-01-17,500.0,INV966900,Transaction INV966900,BUSINESS_ACCOUNT_001,CREDIT,Wednesday,inv966900,500.0
BANK00304,2024-01-17,1000.0,INV219179,Transaction INV219179,BUSINESS_ACCOUNT_001,CREDIT,Wednesday,inv219179,1000.0
BANK00074,2024-01-18,842.3,REF744760,Transaction REF744760,BUSINESS_ACCOUNT_001,CREDIT,Thursday,ref744760,842.3
BANK00346,2024-01-18,814.93,INV235092,Transaction INV235092,BUSINESS_ACCOUNT_001,CREDIT,Thursday,inv235092,814.93
BANK00286,2024-01-18,1601.71,SAL406165,Transaction SAL406165,BUSINESS_ACCOUNT_001,CREDIT,Thursday,sal406165,1601.71
BANK00047,2024-01-18,50.0,PAY722856,Transaction PAY722856,BUSINESS_ACCOUNT_001,DEBIT,Thursday,pay722856,50.0
BANK00242,2024-01-19,1165.37,CHK365850,Transaction CHK365850,BUSINESS_ACCOUNT_001,DEBIT,Friday,chk365850,1165.37
BANK00472,2024-01-19,1000.0,PAY573793,Transaction PAY573793,BUSINESS_ACCOUNT_001,DEBIT,Friday,pay573793,1000.0
BANK00423,2024-01-19,500.0,REF104034,Transaction REF104034,BUSINESS_ACCOUNT_001,DEBIT,Friday,ref104034,500.0
BANK00211,2024-01-19,1390.96,INV728393,Transaction INV728393,BUSINESS_ACCOUNT_001,TRANSFER,Friday,inv728393,1390.96
BANK00270,2024-01-19,1925.67,TRF921595,Transaction TRF921595,BUSINESS_ACCOUNT_001,TRANSFER,Friday,trf921595,1925.67
BANK00239,2024-01-19,503.97,TRF380179,Transaction TRF380179,BUSINESS_ACCOUNT_001,CREDIT,Friday,trf380179,503.97
BANK00325,2024-01-19,500.0,INV956474,Transaction INV956474,BUSINESS_ACCOUNT_001,TRANSFER,Friday,inv956474,500.0
BANK00420,2024-01-19,1864.74,INV384150,Transaction INV384150,BUSINESS_ACCOUNT_001,DEBIT,Friday,inv384150,1864.74
BANK00274,2024-01-20,50.0,TRF565547,Transaction TRF565547,BUSINESS_ACCOUNT_001,DEBIT,Saturday,trf565547,50.0
BANK00378,2024-01-20,100.0,INV982303,Transaction INV982303,BUSINESS_ACCOUNT_001,DEBIT,Saturday,inv982303,100.0
BANK00236,2024-01-20,700.44,SAL120885,Transaction SAL120885,BUSINESS_ACCOUNT_001,DEBIT,Saturday,sal120885,700.44
BANK00243,2024-01-20,36.06,CHK626394,Transaction CHK626394,BUSINESS_ACCOUNT_001,DEBIT,Saturday,chk626394,36.06
BANK00300,2024-01-20,1205.03,PAY869767,Transaction PAY869767,BUSINESS_ACCOUNT_001,DEBIT,Saturday,pay869767,1205.03
BANK00022,2024-01-21,1151.14,TRF095870,Transaction TRF095870,BUSINESS_ACCOUNT_001,CREDIT,Sunday,trf095870,1151.14
BANK00044,2024-01-21,874.56,PAY008660,Transaction PAY008660,BUSINESS_ACCOUNT_001,DEBIT,Sunday,pay008660,874.56
BANK00298,2024-01-21,500.0,INV769374,Transaction INV769374,BUSINESS_ACCOUNT_001,CREDIT,Sunday,inv769374,500.0
BANK00005,2024-01-21,250.0,PAY726544,Transaction PAY726544,BUSINESS_ACCOUNT_001,TRANSFER,Sunday,pay726544,250.0
BANK00318,2024-01-21,100.0,SAL133384,Transaction SAL133384,BUSINESS_ACCOUNT_001,DEBIT,Sunday,sal133384,100.0
BANK00310,2024-01-22,1899.12,TRF273009,Transaction TRF273009,BUSINESS_ACCOUNT_001,TRANSFER,Monday,trf273009,1899.12
BANK00396,2024-01-22,100.0,PAY297851,Transaction PAY297851,BUSINESS_ACCOUNT_001,CREDIT,Monday,pay297851,100.0
BANK00013,2024-01-22,50.0,REF458563,Transaction REF458563,BUSINESS_ACCOUNT_001,CREDIT,Monday,ref458563,50.0
BANK00444,2024-01-22,1929.4,INV948199,Transaction INV948199,BUSINESS_ACCOUNT_001,TRANSFER,Monday,inv948199,1929.4
BANK00026,2024-01-22,1564.78,INV706520,Transaction INV706520,BUSINESS_ACCOUNT_001,DEBIT,Monday,inv706520,1564.78
BANK00356,2024-01-23,809.84,TRF043281,Transaction TRF043281,BUSINESS_ACCOUNT_001,TRANSFER,Tuesday,trf043281,809.84
BANK00255,2024-01-23,967.37,INV074467,Transaction INV074467,BUSINESS_ACCOUNT_001,DEBIT,Tuesday,inv074467,967.37
BANK00466,2024-01-23,1317.4,PAY235079,Transaction PAY235079,BUSINESS_ACCOUNT_001,DEBIT,Tuesday,pay235079,1317.4
BANK00429,2024-01-23,1501.81,PAY819513,Transaction PAY819513,BUSINESS_ACCOUNT_001,TRANSFER,Tuesday,pay819513,1501.81
BANK00151,2024-01-23,1215.49,TRF301938,Transaction TRF301938,BUSINESS_ACCOUNT_001,CREDIT,Tuesday,trf301938,1215.49
BANK00125,2024-01-23,88.23,SAL976499,Transaction SAL976499,BUSINESS_ACCOUNT_001,CREDIT,Tuesday,sal976499,88.23
BANK00478,2024-01-24,1644.67,TRF510707,Transaction TRF510707,BUSINESS_ACCOUNT_001,DEBIT,Wednesday,trf510707,1644.67
BANK00092,2024-01-24,250.0,INV116523,Transaction INV116523,BUSINESS_ACCOUNT_001,DEBIT,Wednesday,inv116523,250.0
BANK00352,2024-01-24,10.47,TRF200297,Transaction TRF200297,BUSINESS_ACCOUNT_001,DEBIT,Wednesday,trf200297,10.47
BANK00371,2024-01-24,139.32,INV645891,Transaction INV645891,BUSINESS_ACCOUNT_001,DEBIT,Wednesday,inv645891,139.32
BANK00190,2024-01-24,760.12,SAL635124,Transaction SAL635124,BUSINESS_ACCOUNT_001,CREDIT,Wednesday,sal635124,760.12
BANK00225,2024-01-24,907.17,PAY539743,Transaction PAY539743,BUSINESS_ACCOUNT_001,CREDIT,Wednesday,pay539743,907.17
BANK00483,2024-01-24,100.0,CHK920478,Transaction CHK920478,BUSINESS_ACCOUNT_001,TRANSFER,Wednesday,chk920478,100.0
BANK00011,2024-01-24,1000.0,PAY319155,Transaction PAY319155,BUSINESS_ACCOUNT_001,CREDIT,Wednesday,pay319155,1000.0
BANK00336,2024-01-24,951.69,CHK205213,Transaction CHK205213,BUSINESS_ACCOUNT_001,CREDIT,Wednesday,chk205213,951.69
BANK00278,2024-01-24,678.37,CHK190767,Transaction CHK190767,BUSINESS_ACCOUNT_001,CREDIT,Wednesday,chk190767,678.37
BANK00275,2024-01-24,50.0,PAY725822,Transaction PAY725822,BUSINESS_ACCOUNT_001,CREDIT,Wednesday,pay725822,50.0
BANK00392,2024-01-25,526.91,REF829005,Transaction REF829005,BUSINESS_ACCOUNT_001,DEBIT,Thursday,ref829005,526.91
BANK00285,2024-01-25,500.0,TRF626890,Transaction TRF626890,BUSINESS_ACCOUNT_001,DEBIT,Thursday,trf626890,500.0
BANK00370,2024-01-25,1978.48,REF224943,Transaction REF224943,BUSINESS_ACCOUNT_001,TRANSFER,Thursday,ref224943,1978.48
BANK00347,2024-01-25,1609.91,INV189503,Transaction INV189503,BUSINESS_ACCOUNT_001,TRANSFER,Thursday,inv189503,1609.91
BANK00093,2024-01-26,957.66,CHK216129,Transaction CHK216129,BUSINESS_ACCOUNT_001,TRANSFER,Friday,chk216129,957.66
BANK00447,2024-01-26,1494.22,INV134649,Transaction INV134649,BUSINESS_ACCOUNT_001,TRANSFER,Friday,inv134649,1494.22
BANK00368,2024-01-26,1574.83,PAY140642,Transaction PAY140642,BUSINESS_ACCOUNT_001,TRANSFER,Friday,pay140642,1574.83
BANK00140,2024-01-27,100.0,INV698308,Transaction INV698308,BUSINESS_ACCOUNT_001,CREDIT,Saturday,inv698308,100.0
BANK00316,2024-01-27,675.15,SAL958370,Transaction SAL958370,BUSINESS_ACCOUNT_001,DEBIT,Saturday,sal958370,675.15
BANK00317,2024-01-27,222.13,CHK333463,Transaction CHK333463,BUSINESS_ACCOUNT_001,DEBIT,Saturday,chk333463,222.13
BANK00178,2024-01-27,1859.76,SAL233665,Transaction SAL233665,BUSINESS_ACCOUNT_001,TRANSFER,Saturday,sal233665,1859.76
BANK00358,2024-01-27,1968.33,INV140491,Transaction INV140491,BUSINESS_ACCOUNT_001,CREDIT,Saturday,inv140491,1968.33
BANK00184,2024-01-27,411.24,SAL713088,Transaction SAL713088,BUSINESS_ACCOUNT_001,DEBIT,Saturday,sal713088,411.24
BANK00168,2024-01-28,584.37,CHK157489,Transaction CHK157489,BUSINESS_ACCOUNT_001,DEBIT,Sunday,chk157489,584.37
BANK00117,2024-01-28,1035.32,REF701257,Transaction REF701257,BUSINESS_ACCOUNT_001,TRANSFER,Sunday,ref701257,1035.32
BANK00320,2024-01-28,924.77,CHK085322,Transaction CHK085322,BUSINESS_ACCOUNT_001,DEBIT,Sunday,chk085322,924.77
BANK00169,2024-01-28,317.18,INV501741,Transaction INV501741,BUSINESS_ACCOUNT_001,DEBIT,Sunday,inv501741,317.18
BANK00161,2024-01-28,500.0,TRF154505,Transaction TRF154505,BUSINESS_ACCOUNT_001,CREDIT,Sunday,trf154505,500.0
BANK00452,2024-01-29,1555.43,INV355418,Transaction INV355418,BUSINESS_ACCOUNT_001,TRANSFER,Monday,inv355418,1555.43
BANK00500,2024-01-29,172.24,REF644470,Transaction REF644470,BUSINESS_ACCOUNT_001,DEBIT,Monday,ref644470,172.24
BANK00154,2024-01-29,184.9,REF653727,Transaction REF653727,BUSINESS_ACCOUNT_001,CREDIT,Monday,ref653727,184.9
BANK00097,2024-01-29,276.69,TRF047565,Transaction TRF047565,BUSINESS_ACCOUNT_001,DEBIT,Monday,trf047565,276.69
BANK00017,2024-01-30,785.34,TRF346788,Transaction TRF346788,BUSINESS_ACCOUNT_001,DEBIT,Tuesday,trf346788,785.34
BANK00319,2024-01-30,1412.8,SAL680768,Transaction SAL680768,BUSINESS_ACCOUNT_001,DEBIT,Tuesday,sal680768,1412.8
BANK00172,2024-01-30,1101.72,PAY260795,Transaction PAY260795,BUSINESS_ACCOUNT_001,CREDIT,Tuesday,pay260795,1101.72
BANK00311,2024-01-30,1908.63,TRF208607,Transaction TRF208607,BUSINESS_ACCOUNT_001,CREDIT,Tuesday,trf208607,1908.63
BANK00332,2024-01-30,450.21,REF769233,Transaction REF769233,BUSINESS_ACCOUNT_001,DEBIT,Tuesday,ref769233,450.21
BANK00419,2024-01-30,690.33,REF893879,Transaction REF893879,BUSINESS_ACCOUNT_001,DEBIT,Tuesday,ref893879,690.33
BANK00256,2024-01-31,1533.06,CHK604286,Transaction CHK604286,BUSINESS_ACCOUNT_001,DEBIT,Wednesday,chk604286,1533.06
BANK00218,2024-02-01,46.04,INV352383,Transaction INV352383,BUSINESS_ACCOUNT_001,CREDIT,Thursday,inv352383,46.04
BANK00387,2024-02-01,50.0,REF318727,Transaction REF318727,BUSINESS_ACCOUNT_001,DEBIT,Thursday,ref318727,50.0
BANK00353,2024-02-01,250.0,TRF139426,Transaction TRF139426,BUSINESS_ACCOUNT_001,TRANSFER,Thursday,trf139426,250.0
BANK00481,2024-02-01,500.0,PAY810954,Transaction PAY810954,BUSINESS_ACCOUNT_001,CREDIT,Thursday,pay810954,500.0
BANK00193,2024-02-01,100.0,SAL363905,Transaction SAL363905,BUSINESS_ACCOUNT_001,CREDIT,Thursday,sal363905,100.0
BANK00157,2024-02-01,50.0,PAY428019,Transaction PAY428019,BUSINESS_ACCOUNT_001,DEBIT,Thursday,pay428019,50.0
BANK00342,2024-02-01,1659.54,INV320653,Transaction INV320653,BUSINESS_ACCOUNT_001,DEBIT,Thursday,inv320653,1659.54
BANK00268,2024-02-01,1612.58,PAY590009,Transaction PAY590009,BUSINESS_ACCOUNT_001,CREDIT,Thursday,pay590009,1612.58
BANK00216,2024-02-01,315.17,SAL951156,Transaction SAL951156,BUSINESS_ACCOUNT_001,CREDIT,Thursday,sal951156,315.17
BANK00362,2024-02-02,601.04,INV907604,Transaction INV907604,BUSINESS_ACCOUNT_001,DEBIT,Friday,inv907604,601.04
BANK00023,2024-02-02,902.41,TRF306597,Transaction TRF306597,BUSINESS_ACCOUNT_001,TRANSFER,Friday,trf306597,902.41
BANK00344,2024-02-02,967.31,REF625999,Transaction REF625999,BUSINESS_ACCOUNT_001,DEBIT,Friday,ref625999,967.31
BANK00246,2024-02-02,179.85,CHK219916,Transaction CHK219916,BUSINESS_ACCOUNT_001,CREDIT,Friday,chk219916,179.85
BANK00123,2024-02-02,1789.49,INV484523,Transaction INV484523,BUSINESS_ACCOUNT_001,TRANSFER,Friday,inv484523,1789.49
BANK00495,2024-02-02,1491.12,REF515093,Transaction REF515093,BUSINESS_ACCOUNT_001,DEBIT,Friday,ref515093,1491.12
BANK00114,2024-02-02,806.6,TRF272151,Transaction TRF272151,BUSINESS_ACCOUNT_001,DEBIT,Friday,trf272151,806.6
BANK00277,2024-02-02,1822.14,TRF064476,Transaction TRF064476,BUSINESS_ACCOUNT_001,DEBIT,Friday,trf064476,1822.14
BANK00488,2024-02-02,1198.98,CHK984693,Transaction CHK984693,BUSINESS_ACCOUNT_001,DEBIT,Friday,chk984693,1198.98
BANK00487,2024-02-02,1000.0,INV210271,Transaction INV210271,BUSINESS_ACCOUNT_001,DEBIT,Friday,inv210271,1000.0
BANK00305,2024-02-02,376.9,REF008968,Transaction REF008968,BUSINESS_ACCOUNT_001,DEBIT,Friday,ref008968,376.9
BANK00296,2024-02-02,999.96,CHK538380,Transaction CHK538380,BUSINESS_ACCOUNT_001,DEBIT,Friday,chk538380,999.96
BANK00465,2024-02-02,1949.65,TRF526360,Transaction TRF526360,BUSINESS_ACCOUNT_001,CREDIT,Friday,trf526360,1949.65
BANK00294,2024-02-02,1631.96,PAY862401,Transaction PAY862401,BUSINESS_ACCOUNT_001,TRANSFER,Friday,pay862401,1631.96
BANK00077,2024-02-03,965.94,REF762222,Transaction REF762222,BUSINESS_ACCOUNT_001,TRANSFER,Saturday,ref762222,965.94
BANK00469,2024-02-03,300.38,CHK725422,Transaction CHK725422,BUSINESS_ACCOUNT_001,TRANSFER,Saturday,chk725422,300.38
BANK00435,2024-02-03,50.0,SAL565992,Transaction SAL565992,BUSINESS_ACCOUNT_001,DEBIT,Saturday,sal565992,50.0
BANK00122,2024-02-03,1073.5,CHK325187,Transaction CHK325187,BUSINESS_ACCOUNT_001,CREDIT,Saturday,chk325187,1073.5
BANK00112,2024-02-04,500.0,PAY514086,Transaction PAY514086,BUSINESS_ACCOUNT_001,TRANSFER,Sunday,pay514086,500.0
BANK00113,2024-02-04,925.64,TRF595823,Transaction TRF595823,BUSINESS_ACCOUNT_001,DEBIT,Sunday,trf595823,925.64
BANK00131,2024-02-04,250.0,SAL876481,Transaction SAL876481,BUSINESS_ACCOUNT_001,TRANSFER,Sunday,sal876481,250.0
BANK00062,2024-02-04,1000.0,REF463468,Transaction REF463468,BUSINESS_ACCOUNT_001,CREDIT,Sunday,ref463468,1000.0
BANK00327,2024-02-04,1047.39,TRF255106,Transaction TRF255106,BUSINESS_ACCOUNT_001,CREDIT,Sunday,trf255106,1047.39
BANK00290,2024-02-04,500.0,SAL840522,Transaction SAL840522,BUSINESS_ACCOUNT_001,CREDIT,Sunday,sal840522,500.0
BANK00486,2024-02-04,1631.5,PAY612569,Transaction PAY612569,BUSINESS_ACCOUNT_001,DEBIT,Sunday,pay612569,1631.5
BANK00155,2024-02-05,120.75,REF312235,Transaction REF312235,BUSINESS_ACCOUNT_001,CREDIT,Monday,ref312235,120.75
BANK00065,2024-02-05,782.65,TRF900977,Transaction TRF900977,BUSINESS_ACCOUNT_001,DEBIT,Monday,trf900977,782.65
BANK00376,2024-02-05,250.0,SAL560205,Transaction SAL560205,BUSINESS_ACCOUNT_001,CREDIT,Monday,sal560205,250.0
BANK00281,2024-02-05,824.73,CHK831328,Transaction CHK831328,BUSINESS_ACCOUNT_001,DEBIT,Monday,chk831328,824.73
BANK00238,2024-02-05,1000.0,CHK086793,Transaction CHK086793,BUSINESS_ACCOUNT_001,CREDIT,Monday,chk086793,1000.0
BANK00267,2024-02-06,1117.88,CHK033941,Transaction CHK033941,BUSINESS_ACCOUNT_001,DEBIT,Tuesday,chk033941,1117.88
BANK00128,2024-02-06,131.55,TRF347949,Transaction TRF347949,BUSINESS_ACCOUNT_001,DEBIT,Tuesday,trf347949,131.55
BANK00187,2024-02-06,1050.9,PAY765632,Transaction PAY765632,BUSINESS_ACCOUNT_001,DEBIT,Tuesday,pay765632,1050.9
BANK00335,2024-02-06,1998.71,SAL337270,Transaction SAL337270,BUSINESS_ACCOUNT_001,CREDIT,Tuesday,sal337270,1998.71
BANK00282,2024-02-07,877.89,TRF742861,Transaction TRF742861,BUSINESS_ACCOUNT_001,DEBIT,Wednesday,trf742861,877.89
BANK00312,2024-02-07,100.0,SAL518127,Transaction SAL518127,BUSINESS_ACCOUNT_001,CREDIT,Wednesday,sal518127,100.0
BANK00018,2024-02-07,500.0,REF945994,Transaction REF945994,BUSINESS_ACCOUNT_001,DEBIT,Wednesday,ref945994,500.0
BANK00224,2024-02-07,100.0,CHK387491,Transaction CHK387491,BUSINESS_ACCOUNT_001,CREDIT,Wednesday,chk387491,100.0
BANK00464,2024-02-08,1364.11,PAY541451,Transaction PAY541451,BUSINESS_ACCOUNT_001,DEBIT,Thursday,pay541451,1364.11
BANK00366,2024-02-08,100.0,REF722648,Transaction REF722648,BUSINESS_ACCOUNT_001,CREDIT,Thursday,ref722648,100.0
BANK00200,2024-02-08,1150.57,PAY344640,Transaction PAY344640,BUSINESS_ACCOUNT_001,CREDIT,Thursday,pay344640,1150.57
BANK00248,2024-02-08,143.48,TRF200826,Transaction TRF200826,BUSINESS_ACCOUNT_001,DEBIT,Thursday,trf200826,143.48
BANK00046,2024-02-08,122.04,TRF409709,Transaction TRF409709,BUSINESS_ACCOUNT_001,DEBIT,Thursday,trf409709,122.04
BANK00415,2024-02-09,1000.0,REF520576,Transaction REF520576,BUSINESS_ACCOUNT_001,CREDIT,Friday,ref520576,1000.0
BANK00247,2024-02-09,1009.37,REF850545,Transaction REF850545,BUSINESS_ACCOUNT_001,DEBIT,Friday,ref850545,1009.37
BANK00496,2024-02-09,872.97,TRF666615,Transaction TRF666615,BUSINESS_ACCOUNT_001,CREDIT,Friday,trf666615,872.97
BANK00087,2024-02-09,502.22,REF417887,Transaction REF417887,BUSINESS_ACCOUNT_001,CREDIT,Friday,ref417887,502.22
BANK00293,2024-02-10,1646.94,TRF571302,Transaction TRF571302,BUSINESS_ACCOUNT_001,CREDIT,Saturday,trf571302,1646.94
BANK00096,2024-02-10,500.0,PAY195263,Transaction PAY195263,BUSINESS_ACCOUNT_001,CREDIT,Saturday,pay195263,500.0
BANK00116,2024-02-10,829.21,INV110394,Transaction INV110394,BUSINESS_ACCOUNT_001,TRANSFER,Saturday,inv110394,829.21
BANK00257,2024-02-11,50.0,PAY828122,Transaction PAY828122,BUSINESS_ACCOUNT_001,TRANSFER,Sunday,pay828122,50.0
BANK00163,2024-02-11,958.47,TRF044997,Transaction TRF044997,BUSINESS_ACCOUNT_001,CREDIT,Sunday,trf044997,958.47
BANK00145,2024-02-11,1172.56,CHK407306,Transaction CHK407306,BUSINESS_ACCOUNT_001,DEBIT,Sunday,chk407306,1172.56
BANK00367,2024-02-11,444.33,PAY546368,Transaction PAY546368,BUSINESS_ACCOUNT_001,TRANSFER,Sunday,pay546368,444.33
BANK00030,2024-02-11,708.32,SAL656169,Transaction SAL656169,BUSINESS_ACCOUNT_001,CREDIT,Sunday,sal656169,708.32
BANK00402,2024-02-11,498.12,SAL385666,Transaction SAL385666,BUSINESS_ACCOUNT_001,DEBIT,Sunday,sal385666,498.12
BANK00498,2024-02-12,1441.21,CHK445132,Transaction CHK445132,BUSINESS_ACCOUNT_001,CREDIT,Monday,chk445132,1441.21
BANK00364,2024-02-12,561.76,REF127461,Transaction REF127461,BUSINESS_ACCOUNT_001,CREDIT,Monday,ref127461,561.76
BANK00153,2024-02-12,1000.0,INV186716,Transaction INV186716,BUSINESS_ACCOUNT_001,CREDIT,Monday,inv186716,1000.0
BANK00491,2024-02-12,172.44,REF195721,Transaction REF195721,BUSINESS_ACCOUNT_001,TRANSFER,Monday,ref195721,172.44
BANK00189,2024-02-13,1635.03,INV763872,Transaction INV763872,BUSINESS_ACCOUNT_001,CREDIT,Tuesday,inv763872,1635.03
BANK00331,2024-02-13,506.84,CHK674862,Transaction CHK674862,BUSINESS_ACCOUNT_001,CREDIT,Tuesday,chk674862,506.84
BANK00059,2024-02-13,914.54,PAY899268,Transaction PAY899268,BUSINESS_ACCOUNT_001,CREDIT,Tuesday,pay899268,914.54
BANK00499,2024-02-13,100.0,INV123072,Transaction INV123072,BUSINESS_ACCOUNT_001,CREDIT,Tuesday,inv123072,100.0
BANK00129,2024-02-13,100.0,REF411139,Transaction REF411139,BUSINESS_ACCOUNT_001,CREDIT,Tuesday,ref411139,100.0
BANK00170,2024-02-13,1069.85,SAL136877,Transaction SAL136877,BUSINESS_ACCOUNT_001,CREDIT,Tuesday,sal136877,1069.85
BANK00214,2024-02-13,1170.95,SAL515046,Transaction SAL515046,BUSINESS_ACCOUNT_001,DEBIT,Tuesday,sal515046,1170.95
BANK00076,2024-02-13,100.0,SAL331657,Transaction SAL331657,BUSINESS_ACCOUNT_001,DEBIT,Tuesday,sal331657,100.0
BANK00377,2024-02-14,706.75,SAL783793,Transaction SAL783793,BUSINESS_ACCOUNT_001,DEBIT,Wednesday,sal783793,706.75
BANK00099,2024-02-14,1411.12,INV697376,Transaction INV697376,BUSINESS_ACCOUNT_001,DEBIT,Wednesday,inv697376,1411.12
BANK00164,2024-02-14,418.1,CHK698879,Transaction CHK698879,BUSINESS_ACCOUNT_001,TRANSFER,Wednesday,chk698879,418.1
BANK00337,2024-02-15,249.84,SAL957225,Transaction SAL957225,BUSINESS_ACCOUNT_001,CREDIT,Thursday,sal957225,249.84
BANK00351,2024-02-15,929.27,REF846333,Transaction REF846333,BUSINESS_ACCOUNT_001,CREDIT,Thursday,ref846333,929.27
BANK00333,2024-02-15,1888.68,TRF185291,Transaction TRF185291,BUSINESS_ACCOUNT_001,CREDIT,Thursday,trf185291,1888.68
BANK00036,2024-02-16,50.0,REF093595,Transaction REF093595,BUSINESS_ACCOUNT_001,CREDIT,Friday,ref093595,50.0
BANK00413,2024-02-16,500.0,INV239394,Transaction INV239394,BUSINESS_ACCOUNT_001,CREDIT,Friday,inv239394,500.0
BANK00061,2024-02-16,100.44,REF769565,Transaction REF769565,BUSINESS_ACCOUNT_001,CREDIT,Friday,ref769565,100.44
BANK00133,2024-02-16,134.06,REF818516,Transaction REF818516,BUSINESS_ACCOUNT_001,CREDIT,Friday,ref818516,134.06
BANK00354,2024-02-16,1599.58,REF416611,Transaction REF416611,BUSINESS_ACCOUNT_001,TRANSFER,Friday,ref416611,1599.58
BANK00455,2024-02-16,50.0,REF385730,Transaction REF385730,BUSINESS_ACCOUNT_001,DEBIT,Friday,ref385730,50.0
BANK00306,2024-02-17,500.0,PAY834127,Transaction PAY834127,BUSINESS_ACCOUNT_001,CREDIT,Saturday,pay834127,500.0
BANK00436,2024-02-17,213.37,TRF618817,Transaction TRF618817,BUSINESS_ACCOUNT_001,TRANSFER,Saturday,trf618817,213.37
BANK00264,2024-02-17,500.0,CHK485032,Transaction CHK485032,BUSINESS_ACCOUNT_001,CREDIT,Saturday,chk485032,500.0
BANK00081,2024-02-17,100.0,TRF068951,Transaction TRF068951,BUSINESS_ACCOUNT_001,CREDIT,Saturday,trf068951,100.0
BANK00124,2024-02-17,250.0,SAL331372,Transaction SAL331372,BUSINESS_ACCOUNT_001,TRANSFER,Saturday,sal331372,250.0
BANK00462,2024-02-17,500.0,SAL701609,Transaction SAL701609,BUSINESS_ACCOUNT_001,TRANSFER,Saturday,sal701609,500.0
BANK00365,2024-02-17,99.75,REF371097,Transaction REF371097,BUSINESS_ACCOUNT_001,DEBIT,Saturday,ref371097,99.75
BANK00299,2024-02-17,1749.04,TRF246001,Transaction TRF246001,BUSINESS_ACCOUNT_001,DEBIT,Saturday,trf246001,1749.04
BANK00271,2024-02-17,290.75,TRF748740,Transaction TRF748740,BUSINESS_ACCOUNT_001,CREDIT,Saturday,trf748740,290.75
BANK00324,2024-02-17,50.0,INV406721,Transaction INV406721,BUSINESS_ACCOUNT_001,TRANSFER,Saturday,inv406721,50.0
BANK00028,2024-02-18,124.54,SAL529250,Transaction SAL529250,BUSINESS_ACCOUNT_001,TRANSFER,Sunday,sal529250,124.54
BANK00329,2024-02-18,1615.06,PAY871325,Transaction PAY871325,BUSINESS_ACCOUNT_001,CREDIT,Sunday,pay871325,1615.06
BANK00400,2024-02-18,1135.81,SAL301716,Transaction SAL301716,BUSINESS_ACCOUNT_001,CREDIT,Sunday,sal301716,1135.81
BANK00066,2024-02-19,1000.0,INV679456,Transaction INV679456,BUSINESS_ACCOUNT_001,DEBIT,Monday,inv679456,1000.0
BANK00369,2024-02-19,500.0,REF637127,Transaction REF637127,BUSINESS_ACCOUNT_001,DEBIT,Monday,ref637127,500.0
BANK00485,2024-02-19,1605.44,SAL080938,Transaction SAL080938,BUSINESS_ACCOUNT_001,DEBIT,Monday,sal080938,1605.44
BANK00254,2024-02-19,1060.02,TRF162939,Transaction TRF162939,BUSINESS_ACCOUNT_001,CREDIT,Monday,trf162939,1060.02
BANK00188,2024-02-20,1755.63,PAY135668,Transaction PAY135668,BUSINESS_ACCOUNT_001,DEBIT,Tuesday,pay135668,1755.63
BANK00038,2024-02-20,1727.65,TRF471797,Transaction TRF471797,BUSINESS_ACCOUNT_001,CREDIT,Tuesday,trf471797,1727.65
BANK00391,2024-02-20,1000.0,TRF960865,Transaction TRF960865,BUSINESS_ACCOUNT_001,CREDIT,Tuesday,trf960865,1000.0
BANK00449,2024-02-20,743.37,CHK779586,Transaction CHK779586,BUSINESS_ACCOUNT_001,DEBIT,Tuesday,chk779586,743.37
BANK00042,2024-02-20,762.2,PAY727185,Transaction PAY727185,BUSINESS_ACCOUNT_001,CREDIT,Tuesday,pay727185,762.2
BANK00147,2024-02-20,1133.27,SAL978145,Transaction SAL978145,BUSINESS_ACCOUNT_001,CREDIT,Tuesday,sal978145,1133.27
BANK00490,2024-02-20,1000.0,TRF112594,Transaction TRF112594,BUSINESS_ACCOUNT_001,CREDIT,Tuesday,trf112594,1000.0
BANK00313,2024-02-20,1000.0,TRF328776,Transaction TRF328776,BUSINESS_ACCOUNT_001,DEBIT,Tuesday,trf328776,1000.0
BANK00401,2024-02-21,500.0,CHK700708,Transaction CHK700708,BUSINESS_ACCOUNT_001,CREDIT,Wednesday,chk700708,500.0
BANK00470,2024-02-21,1000.0,CHK343729,Transaction CHK343729,BUSINESS_ACCOUNT_001,TRANSFER,Wednesday,chk343729,1000.0
BANK00416,2024-02-21,50.0,REF816772,Transaction REF816772,BUSINESS_ACCOUNT_001,DEBIT,Wednesday,ref816772,50.0
BANK00001,2024-02-21,250.0,INV088937,Transaction INV088937,BUSINESS_ACCOUNT_001,CREDIT,Wednesday,inv088937,250.0
BANK00198,2024-02-21,341.79,REF774589,Transaction REF774589,BUSINESS_ACCOUNT_001,TRANSFER,Wednesday,ref774589,341.79
BANK00149,2024-02-21,1219.03,REF667125,Transaction REF667125,BUSINESS_ACCOUNT_001,CREDIT,Wednesday,ref667125,1219.03
BANK00245,2024-02-21,305.84,PAY216465,Transaction PAY216465,BUSINESS_ACCOUNT_001,DEBIT,Wednesday,pay216465,305.84
BANK00195,2024-02-21,500.0,SAL364444,Transaction SAL364444,BUSINESS_ACCOUNT_001,DEBIT,Wednesday,sal364444,500.0
BANK00213,2024-02-22,371.38,SAL499808,Transaction SAL499808,BUSINESS_ACCOUNT_001,CREDIT,Thursday,sal499808,371.38
BANK00408,2024-02-22,1759.35,TRF439915,Transaction TRF439915,BUSINESS_ACCOUNT_001,DEBIT,Thursday,trf439915,1759.35
BANK00054,2024-02-22,50.0,PAY946430,Transaction PAY946430,BUSINESS_ACCOUNT_001,DEBIT,Thursday,pay946430,50.0
BANK00014,2024-02-22,50.0,INV753381,Transaction INV753381,BUSINESS_ACCOUNT_001,CREDIT,Thursday,inv753381,50.0
BANK00091,2024-02-22,103.32,PAY794121,Transaction PAY794121,BUSINESS_ACCOUNT_001,DEBIT,Thursday,pay794121,103.32
BANK00338,2024-02-22,393.27,INV058362,Transaction INV058362,BUSINESS_ACCOUNT_001,DEBIT,Thursday,inv058362,393.27
BANK00405,2024-02-23,220.61,PAY588262,Transaction PAY588262,BUSINESS_ACCOUNT_001,DEBIT,Friday,pay588262,220.61
BANK00208,2024-02-23,1596.62,TRF625501,Transaction TRF625501,BUSINESS_ACCOUNT_001,TRANSFER,Friday,trf625501,1596.62
BANK00314,2024-02-23,1000.0,REF069566,Transaction REF069566,BUSINESS_ACCOUNT_001,DEBIT,Friday,ref069566,1000.0
BANK00276,2024-02-23,1289.42,REF761792,Transaction REF761792,BUSINESS_ACCOUNT_001,CREDIT,Friday,ref761792,1289.42
BANK00348,2024-02-23,1326.69,PAY143831,Transaction PAY143831,BUSINESS_ACCOUNT_001,CREDIT,Friday,pay143831,1326.69
BANK00289,2024-02-23,523.2,INV536135,Transaction INV536135,BUSINESS_ACCOUNT_001,CREDIT,Friday,inv536135,523.2
BANK00072,2024-02-23,1646.85,CHK703987,Transaction CHK703987,BUSINESS_ACCOUNT_001,CREDIT,Friday,chk703987,1646.85
BANK00070,2024-02-23,1629.45,REF894062,Transaction REF894062,BUSINESS_ACCOUNT_001,CREDIT,Friday,ref894062,1629.45
BANK00220,2024-02-24,1396.34,INV834514,Transaction INV834514,BUSINESS_ACCOUNT_001,CREDIT,Saturday,inv834514,1396.34
BANK00425,2024-02-24,250.0,CHK474749,Transaction CHK474749,BUSINESS_ACCOUNT_001,CREDIT,Saturday,chk474749,250.0
BANK00414,2024-02-24,1267.31,REF299148,Transaction REF299148,BUSINESS_ACCOUNT_001,DEBIT,Saturday,ref299148,1267.31
BANK00039,2024-02-24,481.0,SAL264800,Transaction SAL264800,BUSINESS_ACCOUNT_001,DEBIT,Saturday,sal264800,481.0
BANK00222,2024-02-25,1000.0,REF107715,Transaction REF107715,BUSINESS_ACCOUNT_001,DEBIT,Sunday,ref107715,1000.0
BANK00203,2024-02-25,1000.0,TRF051293,Transaction TRF051293,BUSINESS_ACCOUNT_001,CREDIT,Sunday,trf051293,1000.0
BANK00451,2024-02-26,379.2,CHK123787,Transaction CHK123787,BUSINESS_ACCOUNT_001,DEBIT,Monday,chk123787,379.2
BANK00375,2024-02-26,250.0,PAY993560,Transaction PAY993560,BUSINESS_ACCOUNT_001,DEBIT,Monday,pay993560,250.0
BANK00166,2024-02-26,1000.0,REF498767,Transaction REF498767,BUSINESS_ACCOUNT_001,TRANSFER,Monday,ref498767,1000.0
BANK00252,2024-02-26,1674.76,REF729860,Transaction REF729860,BUSINESS_ACCOUNT_001,CREDIT,Monday,ref729860,1674.76
BANK00197,2024-02-27,1463.79,SAL633165,Transaction SAL633165,BUSINESS_ACCOUNT_001,DEBIT,Tuesday,sal633165,1463.79
BANK00393,2024-02-27,996.79,REF308605,Transaction REF308605,BUSINESS_ACCOUNT_001,DEBIT,Tuesday,ref308605,996.79
BANK00424,2024-02-27,1000.0,SAL750973,Transaction SAL750973,BUSINESS_ACCOUNT_001,CREDIT,Tuesday,sal750973,1000.0
BANK00025,2024-02-27,433.33,INV167343,Transaction INV167343,BUSINESS_ACCOUNT_001,DEBIT,Tuesday,inv167343,433.33
BANK00433,2024-02-27,512.49,TRF560531,Transaction TRF560531,BUSINESS_ACCOUNT_001,CREDIT,Tuesday,trf560531,512.49
BANK00473,2024-02-27,100.0,TRF573305,Transaction TRF573305,BUSINESS_ACCOUNT_001,CREDIT,Tuesday,trf573305,100.0
BANK00398,2024-02-27,1188.89,TRF219742,Transaction TRF219742,BUSINESS_ACCOUNT_001,CREDIT,Tuesday,trf219742,1188.89
BANK00349,2024-02-27,1045.13,PAY442707,Transaction PAY442707,BUSINESS_ACCOUNT_001,CREDIT,Tuesday,pay442707,1045.13
BANK00397,2024-02-27,50.0,INV025944,Transaction INV025944,BUSINESS_ACCOUNT_001,TRANSFER,Tuesday,inv025944,50.0
BANK00237,2024-02-28,909.91,PAY832656,Transaction PAY832656,BUSINESS_ACCOUNT_001,TRANSFER,Wednesday,pay832656,909.91
BANK00232,2024-02-28,100.0,INV484270,Transaction INV484270,BUSINESS_ACCOUNT_001,CREDIT,Wednesday,inv484270,100.0
BANK00205,2024-02-28,690.74,SAL314882,Transaction SAL314882,BUSINESS_ACCOUNT_001,DEBIT,Wednesday,sal314882,690.74
BANK00159,2024-02-28,1939.25,PAY339132,Transaction PAY339132,BUSINESS_ACCOUNT_001,DEBIT,Wednesday,pay339132,1939.25
BANK00192,2024-02-28,1010.41,CHK341516,Transaction CHK341516,BUSINESS_ACCOUNT_001,TRANSFER,Wednesday,chk341516,1010.41
BANK00029,2024-02-28,888.65,INV202945,Transaction INV202945,BUSINESS_ACCOUNT_001,DEBIT,Wednesday,inv202945,888.65
BANK00308,2024-02-28,880.01,REF958152,Transaction REF958152,BUSINESS_ACCOUNT_001,DEBIT,Wednesday,ref958152,880.01
BANK00406,2024-02-29,386.55,REF116792,Transaction REF116792,BUSINESS_ACCOUNT_001,DEBIT,Thursday,ref116792,386.55
BANK00021,2024-02-29,1900.62,REF636689,Transaction REF636689,BUSINESS_ACCOUNT_001,CREDIT,Thursday,ref636689,1900.62
BANK00373,2024-02-29,500.0,TRF964342,Transaction TRF964342,BUSINESS_ACCOUNT_001,CREDIT,Thursday,trf964342,500.0
BANK00261,2024-02-29,1000.0,PAY233568,Transaction PAY233568,BUSINESS_ACCOUNT_001,CREDIT,Thursday,pay233568,1000.0
BANK00095,2024-02-29,1936.27,REF543375,Transaction REF543375,BUSINESS_ACCOUNT_001,DEBIT,Thursday,ref543375,1936.27
BANK00031,2024-02-29,1000.0,CHK179919,Transaction CHK179919,BUSINESS_ACCOUNT_001,CREDIT,Thursday,chk179919,1000.0
BANK00057,2024-02-29,1938.91,REF140125,Transaction REF140125,BUSINESS_ACCOUNT_001,DEBIT,Thursday,ref140125,1938.91
BANK00409,2024-02-29,500.0,TRF446396,Transaction TRF446396,BUSINESS_ACCOUNT_001,DEBIT,Thursday,trf446396,500.0
BANK00339,2024-02-29,500.0,SAL585638,Transaction SAL585638,BUSINESS_ACCOUNT_001,DEBIT,Thursday,sal585638,500.0
BANK00050,2024-02-29,960.65,TRF419317,Transaction TRF419317,BUSINESS_ACCOUNT_001,CREDIT,Thursday,trf419317,960.65
BANK00440,2024-03-01,500.0,PAY554268,Transaction PAY554268,BUSINESS_ACCOUNT_001,TRANSFER,Friday,pay554268,500.0
BANK00004,2024-03-01,1691.3,INV980113,Transaction INV980113,BUSINESS_ACCOUNT_001,DEBIT,Friday,inv980113,1691.3
BANK00489,2024-03-01,967.0,INV684857,Transaction INV684857,BUSINESS_ACCOUNT_001,TRANSFER,Friday,inv684857,967.0
BANK00292,2024-03-01,1385.53,SAL333266,Transaction SAL333266,BUSINESS_ACCOUNT_001,CREDIT,Friday,sal333266,1385.53
BANK00323,2024-03-01,250.0,REF191074,Transaction REF191074,BUSINESS_ACCOUNT_001,DEBIT,Friday,ref191074,250.0
BANK00165,2024-03-02,1424.8,REF920869,Transaction REF920869,BUSINESS_ACCOUNT_001,TRANSFER,Saturday,ref920869,1424.8
BANK00395,2024-03-02,1000.0,CHK859430,Transaction CHK859430,BUSINESS_ACCOUNT_001,DEBIT,Saturday,chk859430,1000.0
BANK00086,2024-03-02,1890.08,CHK720157,Transaction CHK720157,BUSINESS_ACCOUNT_001,CREDIT,Saturday,chk720157,1890.08
BANK00037,2024-03-02,500.0,TRF944785,Transaction TRF944785,BUSINESS_ACCOUNT_001,DEBIT,Saturday,trf944785,500.0
BANK00173,2024-03-02,411.44,INV819840,Transaction INV819840,BUSINESS_ACCOUNT_001,DEBIT,Saturday,inv819840,411.44
BANK00176,2024-03-02,1195.32,REF363474,Transaction REF363474,BUSINESS_ACCOUNT_001,CREDIT,Saturday,ref363474,1195.32
BANK00079,2024-03-02,792.05,SAL394513,Transaction SAL394513,BUSINESS_ACCOUNT_001,DEBIT,Saturday,sal394513,792.05
BANK00035,2024-03-02,1784.87,PAY999348,Transaction PAY999348,BUSINESS_ACCOUNT_001,CREDIT,Saturday,pay999348,1784.87
BANK00034,2024-03-02,452.93,SAL935024,Transaction SAL935024,BUSINESS_ACCOUNT_001,DEBIT,Saturday,sal935024,452.93
BANK00179,2024-03-02,1930.4,INV290991,Transaction INV290991,BUSINESS_ACCOUNT_001,CREDIT,Saturday,inv290991,1930.4
BANK00428,2024-03-02,1947.24,CHK246790,Transaction CHK246790,BUSINESS_ACCOUNT_001,DEBIT,Saturday,chk246790,1947.24
BANK00186,2024-03-02,500.0,INV237923,Transaction INV237923,BUSINESS_ACCOUNT_001,CREDIT,Saturday,inv237923,500.0
BANK00456,2024-03-02,1935.35,REF712830,Transaction REF712830,BUSINESS_ACCOUNT_001,TRANSFER,Saturday,ref712830,1935.35
BANK00126,2024-03-02,1259.52,REF562507,Transaction REF562507,BUSINESS_ACCOUNT_001,CREDIT,Saturday,ref562507,1259.52
BANK00196,2024-03-02,868.74,PAY683722,Transaction PAY683722,BUSINESS_ACCOUNT_001,CREDIT,Saturday,pay683722,868.74
BANK00108,2024-03-03,989.31,TRF193102,Transaction TRF193102,BUSINESS_ACCOUNT_001,DEBIT,Sunday,trf193102,989.31
BANK00422,2024-03-03,1000.0,PAY459292,Transaction PAY459292,BUSINESS_ACCOUNT_001,DEBIT,Sunday,pay459292,1000.0
BANK00340,2024-03-03,953.69,TRF522032,Transaction TRF522032,BUSINESS_ACCOUNT_001,TRANSFER,Sunday,trf522032,953.69
BANK00148,2024-03-03,681.52,SAL308596,Transaction SAL308596,BUSINESS_ACCOUNT_001,DEBIT,Sunday,sal308596,681.52
BANK00389,2024-03-03,1620.94,CHK320904,Transaction CHK320904,BUSINESS_ACCOUNT_001,CREDIT,Sunday,chk320904,1620.94
BANK00442,2024-03-03,72.29,SAL400249,Transaction SAL400249,BUSINESS_ACCOUNT_001,DEBIT,Sunday,sal400249,72.29
BANK00394,2024-03-03,1000.0,SAL316305,Transaction SAL316305,BUSINESS_ACCOUNT_001,DEBIT,Sunday,sal316305,1000.0
BANK00073,2024-03-03,1454.18,PAY078469,Transaction PAY078469,BUSINESS_ACCOUNT_001,TRANSFER,Sunday,pay078469,1454.18
BANK00328,2024-03-04,500.0,PAY024681,Transaction PAY024681,BUSINESS_ACCOUNT_001,CREDIT,Monday,pay024681,500.0
BANK00040,2024-03-04,1187.86,TRF609539,Transaction TRF609539,BUSINESS_ACCOUNT_001,CREDIT,Monday,trf609539,1187.86
BANK00321,2024-03-04,250.0,SAL443387,Transaction SAL443387,BUSINESS_ACCOUNT_001,CREDIT,Monday,sal443387,250.0
BANK00441,2024-03-04,100.0,SAL870550,Transaction SAL870550,BUSINESS_ACCOUNT_001,TRANSFER,Monday,sal870550,100.0
BANK00020,2024-03-04,191.66,PAY611079,Transaction PAY611079,BUSINESS_ACCOUNT_001,CREDIT,Monday,pay611079,191.66
BANK00379,2024-03-05,1198.58,CHK118740,Transaction CHK118740,BUSINESS_ACCOUNT_001,CREDIT,Tuesday,chk118740,1198.58
BANK00494,2024-03-05,664.74,TRF313327,Transaction TRF313327,BUSINESS_ACCOUNT_001,CREDIT,Tuesday,trf313327,664.74
BANK00132,2024-03-05,1067.22,SAL450220,Transaction SAL450220,BUSINESS_ACCOUNT_001,TRANSFER,Tuesday,sal450220,1067.22
BANK00100,2024-03-05,1000.0,TRF454029,Transaction TRF454029,BUSINESS_ACCOUNT_001,DEBIT,Tuesday,trf454029,1000.0
BANK00357,2024-03-06,1258.74,PAY189147,Transaction PAY189147,BUSINESS_ACCOUNT_001,TRANSFER,Wednesday,pay189147,1258.74
BANK00162,2024-03-06,1439.73,PAY988124,Transaction PAY988124,BUSINESS_ACCOUNT_001,CREDIT,Wednesday,pay988124,1439.73
BANK00386,2024-03-06,788.43,PAY398172,Transaction PAY398172,BUSINESS_ACCOUNT_001,CREDIT,Wednesday,pay398172,788.43
BANK00288,2024-03-06,250.0,SAL477157,Transaction SAL477157,BUSINESS_ACCOUNT_001,TRANSFER,Wednesday,sal477157,250.0
BANK00303,2024-03-07,1042.65,CHK764728,Transaction CHK764728,BUSINESS_ACCOUNT_001,CREDIT,Thursday,chk764728,1042.65
BANK00445,2024-03-07,890.17,CHK986317,Transaction CHK986317,BUSINESS_ACCOUNT_001,DEBIT,Thursday,chk986317,890.17
BANK00493,2024-03-07,50.0,PAY308536,Transaction PAY308536,BUSINESS_ACCOUNT_001,DEBIT,Thursday,pay308536,50.0
BANK00350,2024-03-07,1754.56,REF266202,Transaction REF266202,BUSINESS_ACCOUNT_001,DEBIT,Thursday,ref266202,1754.56
BANK00241,2024-03-07,100.0,CHK024142,Transaction CHK024142,BUSINESS_ACCOUNT_001,DEBIT,Thursday,chk024142,100.0
BANK00345,2024-03-07,1065.23,SAL426541,Transaction SAL426541,BUSINESS_ACCOUNT_001,TRANSFER,Thursday,sal426541,1065.23
BANK00295,2024-03-08,143.68,SAL718739,Transaction SAL718739,BUSINESS_ACCOUNT_001,DEBIT,Friday,sal718739,143.68
BANK00219,2024-03-08,1864.92,SAL536046,Transaction SAL536046,BUSINESS_ACCOUNT_001,CREDIT,Friday,sal536046,1864.92
BANK00411,2024-03-08,1665.95,CHK377602,Transaction CHK377602,BUSINESS_ACCOUNT_001,CREDIT,Friday,chk377602,1665.95
BANK00468,2024-03-09,1451.33,SAL438394,Transaction SAL438394,BUSINESS_ACCOUNT_001,TRANSFER,Saturday,sal438394,1451.33
BANK00322,2024-03-09,1392.45,CHK281078,Transaction CHK281078,BUSINESS_ACCOUNT_001,TRANSFER,Saturday,chk281078,1392.45
BANK00443,2024-03-09,1819.95,REF599058,Transaction REF599058,BUSINESS_ACCOUNT_001,DEBIT,Saturday,ref599058,1819.95
BANK00475,2024-03-09,50.0,TRF469445,Transaction TRF469445,BUSINESS_ACCOUNT_001,TRANSFER,Saturday,trf469445,50.0
BANK00454,2024-03-09,1256.18,SAL854535,Transaction SAL854535,BUSINESS_ACCOUNT_001,TRANSFER,Saturday,sal854535,1256.18
BANK00457,2024-03-09,100.0,INV578050,Transaction INV578050,BUSINESS_ACCOUNT_001,CREDIT,Saturday,inv578050,100.0
BANK00226,2024-03-09,50.0,REF899219,Transaction REF899219,BUSINESS_ACCOUNT_001,DEBIT,Saturday,ref899219,50.0
BANK00266,2024-03-09,1143.19,TRF307673,Transaction TRF307673,BUSINESS_ACCOUNT_001,DEBIT,Saturday,trf307673,1143.19
BANK00227,2024-03-10,1000.0,REF879335,Transaction REF879335,BUSINESS_ACCOUNT_001,DEBIT,Sunday,ref879335,1000.0
BANK00233,2024-03-10,100.0,INV190612,Transaction INV190612,BUSINESS_ACCOUNT_001,DEBIT,Sunday,inv190612,100.0
BANK00217,2024-03-10,1016.72,REF736328,Transaction REF736328,BUSINESS_ACCOUNT_001,CREDIT,Sunday,ref736328,1016.72
BANK00403,2024-03-10,100.0,INV385583,Transaction INV385583,BUSINESS_ACCOUNT_001,CREDIT,Sunday,inv385583,100.0
BANK00182,2024-03-10,1000.0,REF018787,Transaction REF018787,BUSINESS_ACCOUNT_001,TRANSFER,Sunday,ref018787,1000.0
BANK00244,2024-03-11,364.29,REF734894,Transaction REF734894,BUSINESS_ACCOUNT_001,CREDIT,Monday,ref734894,364.29
BANK00102,2024-03-11,1114.08,INV868311,Transaction INV868311,BUSINESS_ACCOUNT_001,TRANSFER,Monday,inv868311,1114.08
BANK00158,2024-03-11,232.96,SAL218934,Transaction SAL218934,BUSINESS_ACCOUNT_001,CREDIT,Monday,sal218934,232.96
BANK00058,2024-03-11,1262.5,REF105820,Transaction REF105820,BUSINESS_ACCOUNT_001,CREDIT,Monday,ref105820,1262.5
BANK00120,2024-03-12,1000.0,INV676693,Transaction INV676693,BUSINESS_ACCOUNT_001,CREDIT,Tuesday,inv676693,1000.0
BANK00280,2024-03-12,1000.0,PAY392537,Transaction PAY392537,BUSINESS_ACCOUNT_001,DEBIT,Tuesday,pay392537,1000.0
BANK00083,2024-03-12,1000.0,CHK772643,Transaction CHK772643,BUSINESS_ACCOUNT_001,DEBIT,Tuesday,chk772643,1000.0
BANK00003,2024-03-12,151.67,TRF314956,Transaction TRF314956,BUSINESS_ACCOUNT_001,CREDIT,Tuesday,trf314956,151.67
BANK00183,2024-03-12,288.15,TRF177427,Transaction TRF177427,BUSINESS_ACCOUNT_001,CREDIT,Tuesday,trf177427,288.15
BANK00231,2024-03-13,1491.06,SAL064305,Transaction SAL064305,BUSINESS_ACCOUNT_001,TRANSFER,Wednesday,sal064305,1491.06
BANK00045,2024-03-13,250.0,CHK425143,Transaction CHK425143,BUSINESS_ACCOUNT_001,CREDIT,Wednesday,chk425143,250.0
BANK00119,2024-03-13,50.0,TRF340359,Transaction TRF340359,BUSINESS_ACCOUNT_001,DEBIT,Wednesday,trf340359,50.0
BANK00078,2024-03-14,759.71,TRF127277,Transaction TRF127277,BUSINESS_ACCOUNT_001,DEBIT,Thursday,trf127277,759.71
BANK00497,2024-03-14,1000.0,SAL798996,Transaction SAL798996,BUSINESS_ACCOUNT_001,TRANSFER,Thursday,sal798996,1000.0
BANK00009,2024-03-15,1935.49,INV046812,Transaction INV046812,BUSINESS_ACCOUNT_001,TRANSFER,Friday,inv046812,1935.49
BANK00008,2024-03-15,87.98,SAL021633,Transaction SAL021633,BUSINESS_ACCOUNT_001,CREDIT,Friday,sal021633,87.98
BANK00279,2024-03-15,732.49,CHK920459,Transaction CHK920459,BUSINESS_ACCOUNT_001,DEBIT,Friday,chk920459,732.49
BANK00174,2024-03-15,184.86,SAL505173,Transaction SAL505173,BUSINESS_ACCOUNT_001,CREDIT,Friday,sal505173,184.86
BANK00221,2024-03-15,1417.4,REF068735,Transaction REF068735,BUSINESS_ACCOUNT_001,DEBIT,Friday,ref068735,1417.4
BANK00307,2024-03-16,50.0,SAL208432,Transaction SAL208432,BUSINESS_ACCOUNT_001,DEBIT,Saturday,sal208432,50.0
BANK00024,2024-03-16,100.0,TRF530781,Transaction TRF530781,BUSINESS_ACCOUNT_001,DEBIT,Saturday,trf530781,100.0
BANK00446,2024-03-16,648.28,PAY686946,Transaction PAY686946,BUSINESS_ACCOUNT_001,CREDIT,Saturday,pay686946,648.28
BANK00383,2024-03-16,1249.65,SAL539542,Transaction SAL539542,BUSINESS_ACCOUNT_001,CREDIT,Saturday,sal539542,1249.65
BANK00458,2024-03-16,100.0,CHK271515,Transaction CHK271515,BUSINESS_ACCOUNT_001,DEBIT,Saturday,chk271515,100.0
BANK00180,2024-03-17,500.0,SAL172984,Transaction SAL172984,BUSINESS_ACCOUNT_001,TRANSFER,Sunday,sal172984,500.0
BANK00146,2024-03-17,1119.91,INV898864,Transaction INV898864,BUSINESS_ACCOUNT_001,DEBIT,Sunday,inv898864,1119.91
BANK00453,2024-03-18,1691.12,CHK356173,Transaction CHK356173,BUSINESS_ACCOUNT_001,CREDIT,Monday,chk356173,1691.12
BANK00063,2024-03-18,50.0,INV615786,Transaction INV615786,BUSINESS_ACCOUNT_001,TRANSFER,Monday,inv615786,50.0
BANK00134,2024-03-18,500.0,TRF320913,Transaction TRF320913,BUSINESS_ACCOUNT_001,DEBIT,Monday,trf320913,500.0
BANK00084,2024-03-18,1999.44,SAL953446,Transaction SAL953446,BUSINESS_ACCOUNT_001,DEBIT,Monday,sal953446,1999.44
BANK00142,2024-03-19,474.1,CHK073515,Transaction CHK073515,BUSINESS_ACCOUNT_001,TRANSFER,Tuesday,chk073515,474.1
BANK00191,2024-03-19,609.74,CHK176693,Transaction CHK176693,BUSINESS_ACCOUNT_001,CREDIT,Tuesday,chk176693,609.74
BANK00291,2024-03-20,273.23,CHK900958,Transaction CHK900958,BUSINESS_ACCOUNT_001,DEBIT,Wednesday,chk900958,273.23
BANK00234,2024-03-20,1000.0,PAY681156,Transaction PAY681156,BUSINESS_ACCOUNT_001,CREDIT,Wednesday,pay681156,1000.0
BANK00089,2024-03-20,1216.29,INV462215,Transaction INV462215,BUSINESS_ACCOUNT_001,CREDIT,Wednesday,inv462215,1216.29
BANK00479,2024-03-20,1000.0,PAY195979,Transaction PAY195979,BUSINESS_ACCOUNT_001,CREDIT,Wednesday,pay195979,1000.0
BANK00272,2024-03-20,654.74,SAL369020,Transaction SAL369020,BUSINESS_ACCOUNT_001,DEBIT,Wednesday,sal369020,654.74
BANK00032,2024-03-20,1675.56,PAY882406,Transaction PAY882406,BUSINESS_ACCOUNT_001,CREDIT,Wednesday,pay882406,1675.56
BANK00110,2024-03-21,990.31,SAL135674,Transaction SAL135674,BUSINESS_ACCOUNT_001,DEBIT,Thursday,sal135674,990.31
BANK00204,2024-03-21,1527.29,REF169009,Transaction REF169009,BUSINESS_ACCOUNT_001,DEBIT,Thursday,ref169009,1527.29
BANK00064,2024-03-21,1000.0,SAL251853,Transaction SAL251853,BUSINESS_ACCOUNT_001,DEBIT,Thursday,sal251853,1000.0
BANK00090,2024-03-22,100.0,CHK480928,Transaction CHK480928,BUSINESS_ACCOUNT_001,CREDIT,Friday,chk480928,100.0
BANK00287,2024-03-22,54.71,SAL532369,Transaction SAL532369,BUSINESS_ACCOUNT_001,DEBIT,Friday,sal532369,54.71
BANK00249,2024-03-22,427.71,CHK265111,Transaction CHK265111,BUSINESS_ACCOUNT_001,DEBIT,Friday,chk265111,427.71
BANK00006,2024-03-23,1000.0,PAY319155,Transaction PAY319155,BUSINESS_ACCOUNT_001,DEBIT,Saturday,pay319155,1000.0
BANK00056,2024-03-24,156.86,INV140773,Transaction INV140773,BUSINESS_ACCOUNT_001,CREDIT,Sunday,inv140773,156.86
BANK00171,2024-03-24,250.0,INV288495,Transaction INV288495,BUSINESS_ACCOUNT_001,DEBIT,Sunday,inv288495,250.0
BANK00482,2024-03-24,100.0,CHK140230,Transaction CHK140230,BUSINESS_ACCOUNT_001,DEBIT,Sunday,chk140230,100.0
BANK00283,2024-03-24,1000.0,TRF847209,Transaction TRF847209,BUSINESS_ACCOUNT_001,TRANSFER,Sunday,trf847209,1000.0
BANK00463,2024-03-25,307.67,REF757356,Transaction REF757356,BUSINESS_ACCOUNT_001,DEBIT,Monday,ref757356,307.67
BANK00088,2024-03-25,267.03,REF254776,Transaction REF254776,BUSINESS_ACCOUNT_001,DEBIT,Monday,ref254776,267.03
BANK00341,2024-03-25,1690.65,PAY694685,Transaction PAY694685,BUSINESS_ACCOUNT_001,DEBIT,Monday,pay694685,1690.65
BANK00160,2024-03-26,1635.97,PAY129692,Transaction PAY129692,BUSINESS_ACCOUNT_001,CREDIT,Tuesday,pay129692,1635.97
BANK00130,2024-03-26,500.0,PAY188647,Transaction PAY188647,BUSINESS_ACCOUNT_001,DEBIT,Tuesday,pay188647,500.0
BANK00450,2024-03-26,951.69,CHK243319,Transaction CHK243319,BUSINESS_ACCOUNT_001,CREDIT,Tuesday,chk243319,951.69
BANK00309,2024-03-26,1445.85,TRF253523,Transaction TRF253523,BUSINESS_ACCOUNT_001,CREDIT,Tuesday,trf253523,1445.85
BANK00355,2024-03-26,707.92,SAL494204,Transaction SAL494204,BUSINESS_ACCOUNT_001,DEBIT,Tuesday,sal494204,707.92
BANK00390,2024-03-26,1106.21,INV448763,Transaction INV448763,BUSINESS_ACCOUNT_001,CREDIT,Tuesday,inv448763,1106.21
BANK00399,2024-03-26,702.14,CHK668647,Transaction CHK668647,BUSINESS_ACCOUNT_001,CREDIT,Tuesday,chk668647,702.14
BANK00228,2024-03-26,100.0,REF027367,Transaction REF027367,BUSINESS_ACCOUNT_001,CREDIT,Tuesday,ref027367,100.0
BANK00007,2024-03-27,703.19,TRF273917,Transaction TRF273917,BUSINESS_ACCOUNT_001,TRANSFER,Wednesday,trf273917,703.19
BANK00085,2024-03-27,1115.31,TRF863136,Transaction TRF863136,BUSINESS_ACCOUNT_001,DEBIT,Wednesday,trf863136,1115.31
BANK00209,2024-03-27,1000.0,TRF619795,Transaction TRF619795,BUSINESS_ACCOUNT_001,CREDIT,Wednesday,trf619795,1000.0
BANK00384,2024-03-27,79.38,SAL494619,Transaction SAL494619,BUSINESS_ACCOUNT_001,DEBIT,Wednesday,sal494619,79.38
BANK00388,2024-03-27,1911.75,INV034602,Transaction INV034602,BUSINESS_ACCOUNT_001,DEBIT,Wednesday,inv034602,1911.75
BANK00343,2024-03-27,500.0,CHK117959,Transaction CHK117959,BUSINESS_ACCOUNT_001,DEBIT,Wednesday,chk117959,500.0
BANK00104,2024-03-28,1032.84,CHK576391,Transaction CHK576391,BUSINESS_ACCOUNT_001,DEBIT,Thursday,chk576391,1032.84
BANK00107,2024-03-28,302.68,TRF826414,Transaction TRF826414,BUSINESS_ACCOUNT_001,DEBIT,Thursday,trf826414,302.68
BANK00010,2024-03-28,852.71,PAY772006,Transaction PAY772006,BUSINESS_ACCOUNT_001,CREDIT,Thursday,pay772006,852.71
BANK00194,2024-03-28,1068.4,CHK176887,Transaction CHK176887,BUSINESS_ACCOUNT_001,CREDIT,Thursday,chk176887,1068.4
BANK00127,2024-03-28,500.0,INV443400,Transaction INV443400,BUSINESS_ACCOUNT_001,DEBIT,Thursday,inv443400,500.0
BANK00016,2024-03-28,1073.31,INV136722,Transaction INV136722,BUSINESS_ACCOUNT_001,CREDIT,Thursday,inv136722,1073.31
BANK00437,2024-03-29,1058.78,REF709068,Transaction REF709068,BUSINESS_ACCOUNT_001,DEBIT,Friday,ref709068,1058.78
BANK00175,2024-03-29,100.0,REF815650,Transaction REF815650,BUSINESS_ACCOUNT_001,CREDIT,Friday,ref815650,100.0
BANK00253,2024-03-29,595.15,PAY546874,Transaction PAY546874,BUSINESS_ACCOUNT_001,CREDIT,Friday,pay546874,595.15
BANK00101,2024-03-29,1220.09,CHK946677,Transaction CHK946677,BUSINESS_ACCOUNT_001,DEBIT,Friday,chk946677,1220.09
BANK00284,2024-03-29,1561.72,SAL007478,Transaction SAL007478,BUSINESS_ACCOUNT_001,CREDIT,Friday,sal007478,1561.72
BANK00049,2024-03-29,482.64,SAL622591,Transaction SAL622591,BUSINESS_ACCOUNT_001,DEBIT,Friday,sal622591,482.64
BANK00094,2024-03-29,622.48,PAY984016,Transaction PAY984016,BUSINESS_ACCOUNT_001,CREDIT,Friday,pay984016,622.48
BANK00027,2024-03-29,50.0,SAL444434,Transaction SAL444434,BUSINESS_ACCOUNT_001,CREDIT,Friday,sal444434,50.0
BANK00461,2024-03-30,50.0,PAY562287,Transaction PAY562287,BUSINESS_ACCOUNT_001,CREDIT,Saturday,pay562287,50.0
BANK00426,2024-03-30,125.26,INV264281,Transaction INV264281,BUSINESS_ACCOUNT_001,DEBIT,Saturday,inv264281,125.26
BANK00053,2024-03-30,50.0,INV603091,Transaction INV603091,BUSINESS_ACCOUNT_001,DEBIT,Saturday,inv603091,50.0
BANK00240,2024-03-30,339.37,INV696983,Transaction INV696983,BUSINESS_ACCOUNT_001,DEBIT,Saturday,inv696983,339.37
BANK00260,2024-03-30,823.38,PAY321538,Transaction PAY321538,BUSINESS_ACCOUNT_001,TRANSFER,Saturday,pay321538,823.38
BANK00138,2024-03-30,800.36,REF574341,Transaction REF574341,BUSINESS_ACCOUNT_001,CREDIT,Saturday,ref574341,800.36
BANK00144,2024-03-30,1301.16,CHK460169,Transaction CHK460169,BUSINESS_ACCOUNT_001,TRANSFER,Saturday,chk460169,1301.16
BANK00360,2024-03-30,1477.79,TRF050768,Transaction TRF050768,BUSINESS_ACCOUNT_001,CREDIT,Saturday,trf050768,1477.79
BANK00075,2024-03-30,1733.47,CHK521023,Transaction CHK521023,BUSINESS_ACCOUNT_001,CREDIT,Saturday,chk521023,1733.47
BANK00215,2024-03-30,929.39,SAL762013,Transaction SAL762013,BUSINESS_ACCOUNT_001,DEBIT,Saturday,sal762013,929.39
BANK00427,2024-03-30,250.0,TRF147587,Transaction TRF147587,BUSINESS_ACCOUNT_001,DEBIT,Saturday,trf147587,250.0
BANK00460,2024-03-30,458.82,INV077328,Transaction INV077328,BUSINESS_ACCOUNT_001,CREDIT,Saturday,inv077328,458.82
