transaction_id,date,amount,reference,description,bank_account,transaction_type,gl_account,posted_by
LEDG00165,2024-01-01,603.77,INV-476627,Transaction INV476627,BUSINESS_ACCOUNT_001,DEBIT,2002,USER_JOHN
LEDG00380,2024-01-01,1068.91,CHK356210,Transaction CHK356210,BUSINESS_ACCOUNT_001,DEBIT,2002,SYSTEM_AUTO
LEDG00122,2024-01-01,829.56,SAL558783,Transaction SAL558783,BUSINESS_ACCOUNT_001,CREDIT,1002,SYSTEM_AUTO
LEDG00434,2024-01-01,50.0,INV862347,Transaction INV862347,BUSINESS_ACCOUNT_001,CREDIT,3001,USER_JOHN
LEDG00095,2024-01-01,749.95,SAL993654,Transaction SAL993654,BUSINESS_ACCOUNT_001,TRANSFER,1001,USER_JOHN
LEDG00062,2024-01-01,1107.94,REF738501,Transaction REF738501,BUSINESS_ACCOUNT_001,CREDIT,2001,USER_JOHN
LEDG00005,2024-01-01,799.12,REF242045,Transaction REF242045,BUSINESS_ACCOUNT_001,DEBIT,1002,SYSTEM_AUTO
LEDG00101,2024-01-01,418.23,REF984979,Transaction REF984979,BUSINESS_ACCOUNT_001,CREDIT,1002,USER_JOHN
LEDG00102,2024-01-01,250.0,PAY546511,Transaction PAY546511,BUSINESS_ACCOUNT_001,TRANSFER,1002,USER_SARA
LEDG00039,2024-01-01,1442.87,TRF944674,Transaction TRF944674,BUSINESS_ACCOUNT_001,DEBIT,2001,USER_JOHN
LEDG00427,2024-01-02,230.16,SAL362616,Transaction SAL362616,BUSINESS_ACCOUNT_001,CREDIT,2002,SYSTEM_AUTO
LEDG00058,2024-01-02,31.57,REF735020,Transaction REF735020,BUSINESS_ACCOUNT_001,CREDIT,1001,USER_JOHN
LEDG00369,2024-01-02,1507.28,REF034546,Transaction REF034546,BUSINESS_ACCOUNT_001,DEBIT,1002,USER_JOHN
LEDG00388,2024-01-02,484.09,,Transaction TRF931083,BUSINESS_ACCOUNT_001,CREDIT,3001,USER_SARA
LEDG00149,2024-01-02,1735.32,CHK180489,Transaction CHK180489,BUSINESS_ACCOUNT_001,DEBIT,3001,SYSTEM_AUTO
LEDG00143,2024-01-02,500.0,TRF728676,Transaction TRF728676,BUSINESS_ACCOUNT_001,TRANSFER,2002,USER_SARA
LEDG00210,2024-01-02,841.36,TRF794369,Transaction TRF794369,BUSINESS_ACCOUNT_001,DEBIT,1001,SYSTEM_AUTO
LEDG00028,2024-01-03,511.08,SAL512083,Transaction SAL512083,BUSINESS_ACCOUNT_001,DEBIT,3001,USER_JOHN
LEDG00048,2024-01-03,264.1,PAY501091,Transaction PAY501091,BUSINESS_ACCOUNT_001,CREDIT,2002,USER_SARA
LEDG00410,2024-01-03,1559.36,TRF821851,Transaction TRF821851,BUSINESS_ACCOUNT_001,TRANSFER,1002,USER_SARA
LEDG00141,2024-01-03,100.0,TRF494859,Transaction TRF494859,BUSINESS_ACCOUNT_001,CREDIT,1002,USER_SARA
LEDG00220,2024-01-03,1840.51,PAY817459,Transaction PAY817459,BUSINESS_ACCOUNT_001,DEBIT,1001,USER_JOHN
LEDG00447,2024-01-03,1791.46,CHK588177,Transaction CHK588177,BUSINESS_ACCOUNT_001,DEBIT,2002,USER_SARA
LEDG00485,2024-01-03,569.95,CHK459120,Ledger-only transaction,INTERNAL_LEDGER_001,JOURNAL_ENTRY,2001,SYSTEM_AUTO
LEDG00087,2024-01-03,370.66,TRF632107,Transaction TRF632107,BUSINESS_ACCOUNT_001,DEBIT,2002,SYSTEM_AUTO
LEDG00349,2024-01-03,263.71,PAY925168,Transaction PAY925168,BUSINESS_ACCOUNT_001,DEBIT,1002,USER_JOHN
LEDG00497,2024-01-03,943.22,REF590192,Ledger-only transaction,INTERNAL_LEDGER_001,JOURNAL_ENTRY,1001,SYSTEM_AUTO
LEDG00390,2024-01-03,1419.28,INV886497,Transaction INV886497,BUSINESS_ACCOUNT_001,CREDIT,3001,USER_JOHN
LEDG00305,2024-01-04,250.0,INV804687,Transaction INV804687,BUSINESS_ACCOUNT_001,CREDIT,2001,SYSTEM_AUTO
LEDG00038,2024-01-04,333.61,CHK507422,Transaction CHK507422,BUSINESS_ACCOUNT_001,CREDIT,1002,USER_SARA
LEDG00188,2024-01-04,500.0,TRF097507,Transaction TRF097507,BUSINESS_ACCOUNT_001,DEBIT,1001,SYSTEM_AUTO
LEDG00320,2024-01-04,1582.13,REF774974,Transaction REF774974,BUSINESS_ACCOUNT_001,DEBIT,2001,USER_JOHN
LEDG00473,2024-01-04,918.81,CHK224501,Ledger-only transaction,INTERNAL_LEDGER_001,JOURNAL_ENTRY,1001,SYSTEM_AUTO
LEDG00194,2024-01-04,250.0,PAY866083,Transaction PAY866083,BUSINESS_ACCOUNT_001,CREDIT,3001,USER_SARA
LEDG00175,2024-01-05,368.33,INV685950,Transaction INV685950,BUSINESS_ACCOUNT_001,DEBIT,3001,USER_SARA
LEDG00031,2024-01-05,250.0,TRF562854,Transaction TRF562854,BUSINESS_ACCOUNT_001,DEBIT,1001,SYSTEM_AUTO
LEDG00444,2024-01-05,100.0,REF849690,Transaction REF849690,BUSINESS_ACCOUNT_001,TRANSFER,1002,USER_SARA
LEDG00037,2024-01-05,250.0,REF580754,Transaction REF580754,BUSINESS_ACCOUNT_001,CREDIT,2001,USER_JOHN
LEDG00107,2024-01-05,843.35,,Transaction CHK990439,BUSINESS_ACCOUNT_001,DEBIT,1001,USER_SARA
LEDG00493,2024-01-06,1008.35,SAL705742,Ledger-only transaction,INTERNAL_LEDGER_001,JOURNAL_ENTRY,2002,USER_JOHN
LEDG00466,2024-01-06,405.4,REF550209,Ledger-only transaction,INTERNAL_LEDGER_001,JOURNAL_ENTRY,1001,SYSTEM_AUTO
LEDG00365,2024-01-06,1490.98,PAY424649,Transaction PAY424649,BUSINESS_ACCOUNT_001,TRANSFER,2002,SYSTEM_AUTO
LEDG00009,2024-01-06,1076.84,CHK301246,Transaction CHK301246,BUSINESS_ACCOUNT_001,CREDIT,3001,SYSTEM_AUTO
LEDG00317,2024-01-06,22.71,REF049457,Transaction REF049457,BUSINESS_ACCOUNT_001,CREDIT,1001,USER_SARA
LEDG00036,2024-01-06,250.0,PAY351679,Transaction PAY351679,BUSINESS_ACCOUNT_001,CREDIT,3001,USER_SARA
LEDG00177,2024-01-07,469.03,INV457904,Transaction INV457904,BUSINESS_ACCOUNT_001,DEBIT,2002,SYSTEM_AUTO
LEDG00120,2024-01-07,504.96,SAL656761,Transaction SAL656761,BUSINESS_ACCOUNT_001,CREDIT,2002,USER_JOHN
LEDG00161,2024-01-08,1270.47,INV129412,Transaction INV129412,BUSINESS_ACCOUNT_001,CREDIT,2001,SYSTEM_AUTO
LEDG00387,2024-01-08,358.99,TRF470685,Transaction TRF470685,BUSINESS_ACCOUNT_001,TRANSFER,2002,USER_SARA
LEDG00249,2024-01-08,500.0,CHK419016,Transaction CHK419016,BUSINESS_ACCOUNT_001,DEBIT,2002,USER_SARA
LEDG00418,2024-01-08,1726.1,INV402122,Transaction INV402122,BUSINESS_ACCOUNT_001,CREDIT,2001,USER_SARA
LEDG00119,2024-01-08,1207.85,TRF500532,Transaction TRF500532,BUSINESS_ACCOUNT_001,CREDIT,1001,SYSTEM_AUTO
LEDG00230,2024-01-08,1172.79,,Transaction INV748092,BUSINESS_ACCOUNT_001,DEBIT,2001,SYSTEM_AUTO
LEDG00013,2024-01-08,1923.02,REF101634,Transaction REF101634,BUSINESS_ACCOUNT_001,TRANSFER,2002,USER_SARA
LEDG00077,2024-01-09,1210.36,CHK938258,Transaction CHK938258,BUSINESS_ACCOUNT_001,CREDIT,1001,USER_SARA
LEDG00341,2024-01-09,250.0,REF423339,Transaction REF423339,BUSINESS_ACCOUNT_001,DEBIT,2001,USER_JOHN
LEDG00207,2024-01-09,629.77,TRF818400,Transaction TRF818400,BUSINESS_ACCOUNT_001,TRANSFER,3001,USER_JOHN
LEDG00358,2024-01-09,51.0,INV469729,Transaction INV469729,BUSINESS_ACCOUNT_001,DEBIT,2001,USER_JOHN
LEDG00242,2024-01-09,50.0,PAY730155,Transaction PAY730155,BUSINESS_ACCOUNT_001,DEBIT,2001,USER_SARA
LEDG00135,2024-01-09,187.52,PAY108694,Transaction PAY108694,BUSINESS_ACCOUNT_001,TRANSFER,1002,USER_SARA
LEDG00391,2024-01-10,527.86,,Transaction SAL795586,BUSINESS_ACCOUNT_001,CREDIT,2002,USER_JOHN
LEDG00093,2024-01-10,1433.95,PAY056453-PYMT,Transaction PAY056453,BUSINESS_ACCOUNT_001,DEBIT,1002,USER_JOHN
LEDG00022,2024-01-10,1000.0,INV132225,Transaction INV132225,BUSINESS_ACCOUNT_001,DEBIT,1002,SYSTEM_AUTO
LEDG00437,2024-01-10,1194.15,PAY638600-PYMT,Transaction PAY638600,BUSINESS_ACCOUNT_001,CREDIT,3001,SYSTEM_AUTO
LEDG00133,2024-01-10,1123.69,INV100407,Transaction INV100407,BUSINESS_ACCOUNT_001,CREDIT,2002,USER_SARA
LEDG00496,2024-01-10,193.87,INV093762,Ledger-only transaction,INTERNAL_LEDGER_001,JOURNAL_ENTRY,2001,USER_SARA
LEDG00170,2024-01-11,51.0,REF802949,Transaction REF802949,BUSINESS_ACCOUNT_001,TRANSFER,3001,USER_SARA
LEDG00397,2024-01-11,140.6,REF304545,Transaction REF304545,BUSINESS_ACCOUNT_001,CREDIT,2002,USER_JOHN
LEDG00254,2024-01-12,995.89,CHK331190,Transaction CHK331190,BUSINESS_ACCOUNT_001,TRANSFER,3001,USER_JOHN
LEDG00064,2024-01-12,1743.23,CHK361584,Transaction CHK361584,BUSINESS_ACCOUNT_001,CREDIT,2002,SYSTEM_AUTO
LEDG00310,2024-01-12,73.29,PAY971887,Transaction PAY971887,BUSINESS_ACCOUNT_001,TRANSFER,1001,SYSTEM_AUTO
LEDG00211,2024-01-12,50.0,REF229195,Transaction REF229195,BUSINESS_ACCOUNT_001,CREDIT,1002,USER_SARA
LEDG00004,2024-01-13,112.75,REF828769,Transaction REF828769,BUSINESS_ACCOUNT_001,CREDIT,2001,SYSTEM_AUTO
LEDG00091,2024-01-13,1795.91,INV571733,Transaction INV571733,BUSINESS_ACCOUNT_001,DEBIT,3001,SYSTEM_AUTO
LEDG00015,2024-01-13,1677.27,REF383371,Transaction REF383371,BUSINESS_ACCOUNT_001,DEBIT,2001,USER_JOHN
LEDG00464,2024-01-13,571.03,INV224894,Ledger-only transaction,INTERNAL_LEDGER_001,JOURNAL_ENTRY,3001,USER_JOHN
LEDG00252,2024-01-14,222.09,PAY925448,Transaction PAY925448,BUSINESS_ACCOUNT_001,TRANSFER,1002,USER_JOHN
LEDG00378,2024-01-14,50.0,INV427598,Transaction INV427598,BUSINESS_ACCOUNT_001,TRANSFER,3001,USER_SARA
LEDG00065,2024-01-14,1142.47,PAY575176,Transaction PAY575176,BUSINESS_ACCOUNT_001,DEBIT,2001,SYSTEM_AUTO
LEDG00471,2024-01-14,1423.27,REF673228,Ledger-only transaction,INTERNAL_LEDGER_001,JOURNAL_ENTRY,1002,USER_JOHN
LEDG00127,2024-01-14,1087.12,TRF394189,Transaction TRF394189,BUSINESS_ACCOUNT_001,CREDIT,1001,SYSTEM_AUTO
LEDG00268,2024-01-15,50.0,INV352367,Transaction INV352367,BUSINESS_ACCOUNT_001,CREDIT,1002,USER_SARA
LEDG00393,2024-01-15,484.99,CHK676382,Transaction CHK676382,BUSINESS_ACCOUNT_001,CREDIT,3001,USER_JOHN
LEDG00336,2024-01-15,953.19,PAY271816,Transaction PAY271816,BUSINESS_ACCOUNT_001,DEBIT,2002,USER_JOHN
LEDG00366,2024-01-15,1678.58,,Transaction TRF271574,BUSINESS_ACCOUNT_001,CREDIT,3001,USER_JOHN
LEDG00421,2024-01-15,250.0,TRF365765,Transaction TRF365765,BUSINESS_ACCOUNT_001,DEBIT,2002,SYSTEM_AUTO
LEDG00247,2024-01-15,554.08,TRF564170,Transaction TRF564170,BUSINESS_ACCOUNT_001,DEBIT,2002,USER_SARA
LEDG00108,2024-01-16,50.0,PAY693644,Transaction PAY693644,BUSINESS_ACCOUNT_001,CREDIT,1001,SYSTEM_AUTO
LEDG00041,2024-01-16,1721.65,SAL347713,Transaction SAL347713,BUSINESS_ACCOUNT_001,DEBIT,2001,SYSTEM_AUTO
LEDG00245,2024-01-16,988.46,PAY014354,Transaction PAY014354,BUSINESS_ACCOUNT_001,CREDIT,1002,USER_SARA
LEDG00457,2024-01-16,784.91,INV345748,Ledger-only transaction,INTERNAL_LEDGER_001,JOURNAL_ENTRY,2001,SYSTEM_AUTO
LEDG00382,2024-01-16,409.71,REF885968,Transaction REF885968,BUSINESS_ACCOUNT_001,CREDIT,3001,USER_JOHN
LEDG00099,2024-01-16,1547.93,PAY398004,Transaction PAY398004,BUSINESS_ACCOUNT_001,CREDIT,3001,USER_SARA
LEDG00256,2024-01-16,222.9,PAY833303,Transaction PAY833303,BUSINESS_ACCOUNT_001,TRANSFER,2001,USER_SARA
LEDG00286,2024-01-17,1000.0,CHK613530,Transaction CHK613530,BUSINESS_ACCOUNT_001,DEBIT,1001,USER_JOHN
LEDG00130,2024-01-17,1387.63,,Transaction INV641886,BUSINESS_ACCOUNT_001,DEBIT,1001,USER_SARA
LEDG00260,2024-01-17,100.0,SAL674527,Transaction SAL674527,BUSINESS_ACCOUNT_001,CREDIT,1002,USER_SARA
LEDG00407,2024-01-17,1000.0,INV-219179,Transaction INV219179,BUSINESS_ACCOUNT_001,CREDIT,2002,USER_JOHN
LEDG00307,2024-01-17,548.78,INV217338,Transaction INV217338,BUSINESS_ACCOUNT_001,DEBIT,2001,USER_JOHN
LEDG00002,2024-01-18,842.3,REF744760,Transaction REF744760,BUSINESS_ACCOUNT_001,CREDIT,2002,USER_JOHN
LEDG00148,2024-01-18,147.15,PAY054414,Transaction PAY054414,BUSINESS_ACCOUNT_001,TRANSFER,1002,USER_SARA
LEDG00456,2024-01-18,386.44,REF194224,Ledger-only transaction,INTERNAL_LEDGER_001,JOURNAL_ENTRY,1002,USER_SARA
LEDG00235,2024-01-18,500.0,INV966900,Transaction INV966900,BUSINESS_ACCOUNT_001,CREDIT,2002,SYSTEM_AUTO
LEDG00316,2024-01-18,1601.71,,Transaction SAL406165,BUSINESS_ACCOUNT_001,CREDIT,2001,USER_SARA
LEDG00301,2024-01-19,500.0,REF104034,Transaction REF104034,BUSINESS_ACCOUNT_001,DEBIT,3001,SYSTEM_AUTO
LEDG00166,2024-01-19,1000.0,PAY573793,Transaction PAY573793,BUSINESS_ACCOUNT_001,DEBIT,1002,USER_SARA
LEDG00094,2024-01-19,500.0,INV956474,Transaction INV956474,BUSINESS_ACCOUNT_001,TRANSFER,2001,USER_SARA
LEDG00409,2024-01-19,1925.67,TRF921595,Transaction TRF921595,BUSINESS_ACCOUNT_001,TRANSFER,2002,SYSTEM_AUTO
LEDG00425,2024-01-19,1864.74,INV-384150,Transaction INV384150,BUSINESS_ACCOUNT_001,DEBIT,2001,SYSTEM_AUTO
LEDG00436,2024-01-19,814.93,INV235092,Transaction INV235092,BUSINESS_ACCOUNT_001,CREDIT,2001,USER_SARA
LEDG00069,2024-01-19,503.97,TRF380179,Transaction TRF380179,BUSINESS_ACCOUNT_001,CREDIT,1002,USER_JOHN
LEDG00438,2024-01-19,1165.37,CHK365850,Transaction CHK365850,BUSINESS_ACCOUNT_001,DEBIT,1002,USER_SARA
LEDG00443,2024-01-20,50.0,TRF565547,Transaction TRF565547,BUSINESS_ACCOUNT_001,DEBIT,3001,SYSTEM_AUTO
LEDG00189,2024-01-20,1390.96,INV728393,Transaction INV728393,BUSINESS_ACCOUNT_001,TRANSFER,2001,USER_SARA
LEDG00214,2024-01-20,1205.03,PAY869767,Transaction PAY869767,BUSINESS_ACCOUNT_001,DEBIT,1002,USER_SARA
LEDG00068,2024-01-20,50.0,PAY722856,Transaction PAY722856,BUSINESS_ACCOUNT_001,DEBIT,1001,USER_JOHN
LEDG00007,2024-01-20,100.0,INV982303,Transaction INV982303,BUSINESS_ACCOUNT_001,DEBIT,2002,USER_JOHN
LEDG00255,2024-01-21,500.0,INV769374,Transaction INV769374,BUSINESS_ACCOUNT_001,CREDIT,1002,SYSTEM_AUTO
LEDG00353,2024-01-21,250.0,PAY726544,Transaction PAY726544,BUSINESS_ACCOUNT_001,TRANSFER,1001,USER_JOHN
LEDG00075,2024-01-21,100.0,SAL133384,Transaction SAL133384,BUSINESS_ACCOUNT_001,DEBIT,2002,SYSTEM_AUTO
LEDG00412,2024-01-21,874.56,PAY008660,Transaction PAY008660,BUSINESS_ACCOUNT_001,DEBIT,3001,SYSTEM_AUTO
LEDG00328,2024-01-22,36.06,CHK626394,Transaction CHK626394,BUSINESS_ACCOUNT_001,DEBIT,1001,SYSTEM_AUTO
LEDG00487,2024-01-22,718.77,REF003658,Ledger-only transaction,INTERNAL_LEDGER_001,JOURNAL_ENTRY,2001,USER_JOHN
LEDG00416,2024-01-22,1899.13,TRF273009,Transaction TRF273009,BUSINESS_ACCOUNT_001,TRANSFER,1002,USER_JOHN
LEDG00114,2024-01-22,1564.78,INV706520,Transaction INV706520,BUSINESS_ACCOUNT_001,DEBIT,2002,SYSTEM_AUTO
LEDG00239,2024-01-23,1215.49,TRF301938,Transaction TRF301938,BUSINESS_ACCOUNT_001,CREDIT,2001,USER_SARA
LEDG00163,2024-01-23,1501.81,,Transaction PAY819513,BUSINESS_ACCOUNT_001,TRANSFER,2002,USER_SARA
LEDG00008,2024-01-23,88.23,SAL976499,Transaction SAL976499,BUSINESS_ACCOUNT_001,CREDIT,1001,SYSTEM_AUTO
LEDG00423,2024-01-23,100.0,CHK920478,Transaction CHK920478,BUSINESS_ACCOUNT_001,TRANSFER,2002,SYSTEM_AUTO
LEDG00278,2024-01-23,100.0,PAY297851,Transaction PAY297851,BUSINESS_ACCOUNT_001,CREDIT,1002,USER_JOHN
LEDG00332,2024-01-23,50.0,REF458563,Transaction REF458563,BUSINESS_ACCOUNT_001,CREDIT,1002,USER_SARA
LEDG00291,2024-01-23,809.84,TRF043281,Transaction TRF043281,BUSINESS_ACCOUNT_001,TRANSFER,2001,SYSTEM_AUTO
LEDG00351,2024-01-23,967.37,INV074467,Transaction INV074467,BUSINESS_ACCOUNT_001,DEBIT,2001,USER_JOHN
LEDG00244,2024-01-24,1000.0,PAY319155,Transaction PAY319155,BUSINESS_ACCOUNT_001,CREDIT,3001,SYSTEM_AUTO
LEDG00432,2024-01-24,250.01,INV-116523,Transaction INV116523,BUSINESS_ACCOUNT_001,DEBIT,1002,USER_SARA
LEDG00276,2024-01-24,10.47,TRF200297,Transaction TRF200297,BUSINESS_ACCOUNT_001,DEBIT,3001,SYSTEM_AUTO
LEDG00083,2024-01-24,1644.67,TRF510707,Transaction TRF510707,BUSINESS_ACCOUNT_001,DEBIT,1002,SYSTEM_AUTO
LEDG00370,2024-01-24,1494.22,INV134649,Transaction INV134649,BUSINESS_ACCOUNT_001,TRANSFER,2001,USER_SARA
LEDG00080,2024-01-24,1317.39,PAY235079,Transaction PAY235079,BUSINESS_ACCOUNT_001,DEBIT,1001,USER_SARA
LEDG00312,2024-01-24,907.17,PAY539743-PYMT,Transaction PAY539743,BUSINESS_ACCOUNT_001,CREDIT,2002,SYSTEM_AUTO
LEDG00222,2024-01-24,50.0,PAY725822,Transaction PAY725822,BUSINESS_ACCOUNT_001,CREDIT,3001,USER_JOHN
LEDG00113,2024-01-25,951.69,CHK205213,Transaction CHK205213,BUSINESS_ACCOUNT_001,CREDIT,1001,USER_SARA
LEDG00476,2024-01-25,889.02,REF173970,Ledger-only transaction,INTERNAL_LEDGER_001,JOURNAL_ENTRY,2002,SYSTEM_AUTO
LEDG00073,2024-01-25,679.37,CHK190767,Transaction CHK190767,BUSINESS_ACCOUNT_001,CREDIT,1002,USER_SARA
LEDG00198,2024-01-25,957.65,CHK216129,Transaction CHK216129,BUSINESS_ACCOUNT_001,TRANSFER,2001,USER_JOHN
LEDG00319,2024-01-25,139.32,INV645891,Transaction INV645891,BUSINESS_ACCOUNT_001,DEBIT,1002,SYSTEM_AUTO
LEDG00236,2024-01-25,1609.91,INV189503,Transaction INV189503,BUSINESS_ACCOUNT_001,TRANSFER,3001,USER_JOHN
LEDG00180,2024-01-26,1978.48,REF224943,Transaction REF224943,BUSINESS_ACCOUNT_001,TRANSFER,1001,USER_SARA
LEDG00200,2024-01-26,1574.83,PAY140642,Transaction PAY140642,BUSINESS_ACCOUNT_001,TRANSFER,3001,USER_SARA
LEDG00070,2024-01-26,526.91,REF829005,Transaction REF829005,BUSINESS_ACCOUNT_001,DEBIT,1002,USER_SARA
LEDG00156,2024-01-27,1968.33,INV-140491,Transaction INV140491,BUSINESS_ACCOUNT_001,CREDIT,1001,SYSTEM_AUTO
LEDG00440,2024-01-27,675.16,SAL958370,Transaction SAL958370,BUSINESS_ACCOUNT_001,DEBIT,3001,USER_SARA
LEDG00279,2024-01-27,500.0,TRF626890,Transaction TRF626890,BUSINESS_ACCOUNT_001,DEBIT,3001,USER_JOHN
LEDG00240,2024-01-27,1859.76,SAL233665,Transaction SAL233665,BUSINESS_ACCOUNT_001,TRANSFER,1002,USER_JOHN
LEDG00152,2024-01-27,1035.32,REF701257,Transaction REF701257,BUSINESS_ACCOUNT_001,TRANSFER,2001,SYSTEM_AUTO
LEDG00271,2024-01-27,411.25,SAL713088,Transaction SAL713088,BUSINESS_ACCOUNT_001,DEBIT,3001,USER_SARA
LEDG00019,2024-01-27,222.13,CHK333463,Transaction CHK333463,BUSINESS_ACCOUNT_001,DEBIT,2001,USER_JOHN
LEDG00225,2024-01-28,100.0,INV698308,Transaction INV698308,BUSINESS_ACCOUNT_001,CREDIT,2001,SYSTEM_AUTO
LEDG00450,2024-01-28,924.77,CHK085322,Transaction CHK085322,BUSINESS_ACCOUNT_001,DEBIT,2001,SYSTEM_AUTO
LEDG00484,2024-01-28,1403.41,PAY112400,Ledger-only transaction,INTERNAL_LEDGER_001,JOURNAL_ENTRY,2002,SYSTEM_AUTO
LEDG00190,2024-01-28,317.18,INV501741,Transaction INV501741,BUSINESS_ACCOUNT_001,DEBIT,3001,USER_SARA
LEDG00124,2024-01-29,184.9,REF653727,Transaction REF653727,BUSINESS_ACCOUNT_001,CREDIT,2002,USER_JOHN
LEDG00264,2024-01-29,276.69,TRF047565,Transaction TRF047565,BUSINESS_ACCOUNT_001,DEBIT,3001,USER_JOHN
LEDG00283,2024-01-29,690.33,REF893879,Transaction REF893879,BUSINESS_ACCOUNT_001,DEBIT,1002,USER_SARA
LEDG00250,2024-01-29,584.37,CHK157489,Transaction CHK157489,BUSINESS_ACCOUNT_001,DEBIT,2002,USER_SARA
LEDG00213,2024-01-30,1908.63,TRF208607,Transaction TRF208607,BUSINESS_ACCOUNT_001,CREDIT,3001,USER_JOHN
LEDG00162,2024-01-30,1412.8,SAL680768,Transaction SAL680768,BUSINESS_ACCOUNT_001,DEBIT,2001,SYSTEM_AUTO
LEDG00360,2024-01-30,1101.72,PAY260795-PYMT,Transaction PAY260795,BUSINESS_ACCOUNT_001,CREDIT,1001,USER_JOHN
LEDG00154,2024-01-30,785.34,TRF346788,Transaction TRF346788,BUSINESS_ACCOUNT_001,DEBIT,3001,SYSTEM_AUTO
LEDG00132,2024-01-31,806.6,TRF272151,Transaction TRF272151,BUSINESS_ACCOUNT_001,DEBIT,2002,USER_SARA
LEDG00067,2024-01-31,1555.43,INV355418,Transaction INV355418,BUSINESS_ACCOUNT_001,TRANSFER,2002,SYSTEM_AUTO
LEDG00363,2024-02-01,315.17,SAL951156,Transaction SAL951156,BUSINESS_ACCOUNT_001,CREDIT,1002,SYSTEM_AUTO
LEDG00389,2024-02-01,50.0,PAY428019,Transaction PAY428019,BUSINESS_ACCOUNT_001,DEBIT,1002,USER_SARA
LEDG00109,2024-02-01,450.21,REF769233,Transaction REF769233,BUSINESS_ACCOUNT_001,DEBIT,1002,USER_SARA
LEDG00277,2024-02-01,50.0,REF318727,Transaction REF318727,BUSINESS_ACCOUNT_001,DEBIT,3001,USER_JOHN
LEDG00137,2024-02-01,100.0,SAL363905,Transaction SAL363905,BUSINESS_ACCOUNT_001,CREDIT,2002,USER_SARA
LEDG00449,2024-02-01,500.0,PAY810954,Transaction PAY810954,BUSINESS_ACCOUNT_001,CREDIT,1002,SYSTEM_AUTO
LEDG00495,2024-02-01,1162.59,CHK304027,Ledger-only transaction,INTERNAL_LEDGER_001,JOURNAL_ENTRY,1002,SYSTEM_AUTO
LEDG00478,2024-02-01,1161.05,SAL363456,Ledger-only transaction,INTERNAL_LEDGER_001,JOURNAL_ENTRY,2002,USER_JOHN
LEDG00413,2024-02-01,46.04,INV352383,Transaction INV352383,BUSINESS_ACCOUNT_001,CREDIT,2002,USER_SARA
LEDG00072,2024-02-01,1659.54,INV320653,Transaction INV320653,BUSINESS_ACCOUNT_001,DEBIT,2002,SYSTEM_AUTO
LEDG00367,2024-02-01,1612.58,PAY590009,Transaction PAY590009,BUSINESS_ACCOUNT_001,CREDIT,2002,SYSTEM_AUTO
LEDG00406,2024-02-02,1000.0,INV210271,Transaction INV210271,BUSINESS_ACCOUNT_001,DEBIT,3001,USER_SARA
LEDG00287,2024-02-02,500.0,SAL840522,Transaction SAL840522,BUSINESS_ACCOUNT_001,CREDIT,3001,SYSTEM_AUTO
LEDG00270,2024-02-02,1789.49,INV484523,Transaction INV484523,BUSINESS_ACCOUNT_001,TRANSFER,3001,SYSTEM_AUTO
LEDG00203,2024-02-02,179.85,CHK219916,Transaction CHK219916,BUSINESS_ACCOUNT_001,CREDIT,1001,USER_SARA
LEDG00215,2024-02-02,1533.06,CHK604286,Transaction CHK604286,BUSINESS_ACCOUNT_001,DEBIT,2002,USER_SARA
LEDG00402,2024-02-02,999.96,CHK538380,Transaction CHK538380,BUSINESS_ACCOUNT_001,DEBIT,3001,USER_JOHN
LEDG00001,2024-02-02,601.04,INV907604,Transaction INV907604,BUSINESS_ACCOUNT_001,DEBIT,1001,USER_JOHN
LEDG00050,2024-02-02,902.41,TRF306597,Transaction TRF306597,BUSINESS_ACCOUNT_001,TRANSFER,1002,USER_JOHN
LEDG00061,2024-02-02,1491.12,REF515093,Transaction REF515093,BUSINESS_ACCOUNT_001,DEBIT,2002,USER_JOHN
LEDG00071,2024-02-02,250.0,TRF139426,Transaction TRF139426,BUSINESS_ACCOUNT_001,TRANSFER,1001,USER_SARA
LEDG00076,2024-02-02,376.9,REF008968,Transaction REF008968,BUSINESS_ACCOUNT_001,DEBIT,2001,SYSTEM_AUTO
LEDG00115,2024-02-02,1949.65,TRF526360,Transaction TRF526360,BUSINESS_ACCOUNT_001,CREDIT,1001,USER_SARA
LEDG00396,2024-02-03,50.0,SAL565992,Transaction SAL565992,BUSINESS_ACCOUNT_001,DEBIT,2001,USER_SARA
LEDG00392,2024-02-03,300.38,CHK725422,Transaction CHK725422,BUSINESS_ACCOUNT_001,TRANSFER,2002,SYSTEM_AUTO
LEDG00025,2024-02-03,965.94,REF762222,Transaction REF762222,BUSINESS_ACCOUNT_001,TRANSFER,3001,SYSTEM_AUTO
LEDG00192,2024-02-03,250.0,SAL560205,Transaction SAL560205,BUSINESS_ACCOUNT_001,CREDIT,1001,USER_SARA
LEDG00295,2024-02-04,925.64,TRF595823,Transaction TRF595823,BUSINESS_ACCOUNT_001,DEBIT,1001,USER_JOHN
LEDG00299,2024-02-04,1198.98,CHK984693,Transaction CHK984693,BUSINESS_ACCOUNT_001,DEBIT,1001,SYSTEM_AUTO
LEDG00043,2024-02-04,1631.5,PAY612569,Transaction PAY612569,BUSINESS_ACCOUNT_001,DEBIT,2001,USER_JOHN
LEDG00231,2024-02-04,500.0,PAY514086,Transaction PAY514086,BUSINESS_ACCOUNT_001,TRANSFER,2002,SYSTEM_AUTO
LEDG00384,2024-02-04,1046.89,TRF255106,Transaction TRF255106,BUSINESS_ACCOUNT_001,CREDIT,2002,SYSTEM_AUTO
LEDG00364,2024-02-04,1000.0,REF463468,Transaction REF463468,BUSINESS_ACCOUNT_001,CREDIT,2002,USER_JOHN
LEDG00282,2024-02-05,100.0,CHK387491,Transaction CHK387491,BUSINESS_ACCOUNT_001,CREDIT,3001,USER_JOHN
LEDG00081,2024-02-05,120.75,REF312235,Transaction REF312235,BUSINESS_ACCOUNT_001,CREDIT,1002,USER_JOHN
LEDG00386,2024-02-05,782.65,TRF900977,Transaction TRF900977,BUSINESS_ACCOUNT_001,DEBIT,3001,USER_JOHN
LEDG00146,2024-02-06,1117.88,CHK033941,Transaction CHK033941,BUSINESS_ACCOUNT_001,DEBIT,3001,USER_JOHN
LEDG00315,2024-02-06,131.55,TRF347949,Transaction TRF347949,BUSINESS_ACCOUNT_001,DEBIT,1001,USER_SARA
LEDG00030,2024-02-06,1998.7,SAL337270,Transaction SAL337270,BUSINESS_ACCOUNT_001,CREDIT,1001,USER_JOHN
LEDG00023,2024-02-06,824.73,CHK831328,Transaction CHK831328,BUSINESS_ACCOUNT_001,DEBIT,3001,USER_JOHN
LEDG00118,2024-02-06,1000.0,CHK086793,Transaction CHK086793,BUSINESS_ACCOUNT_001,CREDIT,3001,SYSTEM_AUTO
LEDG00116,2024-02-07,877.89,TRF742861,Transaction TRF742861,BUSINESS_ACCOUNT_001,DEBIT,2002,USER_SARA
LEDG00481,2024-02-07,1143.03,CHK681167,Ledger-only transaction,INTERNAL_LEDGER_001,JOURNAL_ENTRY,1002,SYSTEM_AUTO
LEDG00451,2024-02-07,1096.9,TRF257997,Ledger-only transaction,INTERNAL_LEDGER_001,JOURNAL_ENTRY,1001,USER_SARA
LEDG00303,2024-02-07,100.0,SAL518127,Transaction SAL518127,BUSINESS_ACCOUNT_001,CREDIT,1001,USER_JOHN
LEDG00488,2024-02-07,1014.86,INV218377,Ledger-only transaction,INTERNAL_LEDGER_001,JOURNAL_ENTRY,1002,USER_JOHN
LEDG00139,2024-02-08,500.0,REF945994,Transaction REF945994,BUSINESS_ACCOUNT_001,DEBIT,2001,USER_JOHN
LEDG00459,2024-02-08,887.51,SAL210634,Ledger-only transaction,INTERNAL_LEDGER_001,JOURNAL_ENTRY,1002,SYSTEM_AUTO
LEDG00474,2024-02-08,1387.54,PAY500896,Ledger-only transaction,INTERNAL_LEDGER_001,JOURNAL_ENTRY,1001,USER_JOHN
LEDG00187,2024-02-08,100.0,REF722648,Transaction REF722648,BUSINESS_ACCOUNT_001,CREDIT,3001,SYSTEM_AUTO
LEDG00017,2024-02-08,872.97,TRF666615,Transaction TRF666615,BUSINESS_ACCOUNT_001,CREDIT,2001,USER_JOHN
LEDG00206,2024-02-08,1150.57,,Transaction PAY344640,BUSINESS_ACCOUNT_001,CREDIT,2002,USER_JOHN
LEDG00329,2024-02-08,1050.89,PAY765632,Transaction PAY765632,BUSINESS_ACCOUNT_001,DEBIT,1002,USER_SARA
LEDG00385,2024-02-08,1364.11,PAY541451-PYMT,Transaction PAY541451,BUSINESS_ACCOUNT_001,DEBIT,2002,USER_JOHN
LEDG00273,2024-02-09,1009.37,REF850545,Transaction REF850545,BUSINESS_ACCOUNT_001,DEBIT,2002,USER_JOHN
LEDG00097,2024-02-09,502.22,REF417887,Transaction REF417887,BUSINESS_ACCOUNT_001,CREDIT,2002,SYSTEM_AUTO
LEDG00153,2024-02-09,121.54,TRF409709,Transaction TRF409709,BUSINESS_ACCOUNT_001,DEBIT,3001,USER_JOHN
LEDG00088,2024-02-09,1000.0,REF520576,Transaction REF520576,BUSINESS_ACCOUNT_001,CREDIT,1002,USER_SARA
LEDG00309,2024-02-09,829.2,INV110394,Transaction INV110394,BUSINESS_ACCOUNT_001,TRANSFER,2001,SYSTEM_AUTO
LEDG00117,2024-02-10,143.48,TRF200826,Transaction TRF200826,BUSINESS_ACCOUNT_001,DEBIT,3001,SYSTEM_AUTO
LEDG00199,2024-02-10,1000.0,INV186716,Transaction INV186716,BUSINESS_ACCOUNT_001,CREDIT,3001,USER_SARA
LEDG00340,2024-02-10,500.0,PAY195263,Transaction PAY195263,BUSINESS_ACCOUNT_001,CREDIT,2001,USER_JOHN
LEDG00354,2024-02-10,49.99,PAY828122,Transaction PAY828122,BUSINESS_ACCOUNT_001,TRANSFER,2001,USER_JOHN
LEDG00362,2024-02-10,1646.95,,Transaction TRF571302,BUSINESS_ACCOUNT_001,CREDIT,2001,USER_JOHN
LEDG00179,2024-02-11,1172.56,CHK407306,Transaction CHK407306,BUSINESS_ACCOUNT_001,DEBIT,2002,USER_SARA
LEDG00164,2024-02-11,708.32,SAL656169,Transaction SAL656169,BUSINESS_ACCOUNT_001,CREDIT,2002,USER_SARA
LEDG00414,2024-02-12,498.12,SAL385666,Transaction SAL385666,BUSINESS_ACCOUNT_001,DEBIT,3001,USER_SARA
LEDG00431,2024-02-12,444.33,PAY546368,Transaction PAY546368,BUSINESS_ACCOUNT_001,TRANSFER,2002,USER_JOHN
LEDG00021,2024-02-12,172.44,REF195721,Transaction REF195721,BUSINESS_ACCOUNT_001,TRANSFER,1001,USER_SARA
LEDG00027,2024-02-12,1441.21,CHK445132,Transaction CHK445132,BUSINESS_ACCOUNT_001,CREDIT,3001,SYSTEM_AUTO
LEDG00376,2024-02-13,958.47,TRF044997,Transaction TRF044997,BUSINESS_ACCOUNT_001,CREDIT,2001,SYSTEM_AUTO
LEDG00098,2024-02-13,100.0,SAL331657,Transaction SAL331657,BUSINESS_ACCOUNT_001,DEBIT,1001,USER_SARA
LEDG00359,2024-02-13,1170.95,SAL515046,Transaction SAL515046,BUSINESS_ACCOUNT_001,DEBIT,1002,USER_SARA
LEDG00381,2024-02-13,99.99,REF411139,Transaction REF411139,BUSINESS_ACCOUNT_001,CREDIT,3001,USER_SARA
LEDG00289,2024-02-14,706.75,SAL783793,Transaction SAL783793,BUSINESS_ACCOUNT_001,DEBIT,2002,USER_JOHN
LEDG00205,2024-02-14,418.1,,Transaction CHK698879,BUSINESS_ACCOUNT_001,TRANSFER,2001,USER_JOHN
LEDG00347,2024-02-14,100.0,INV123072,Transaction INV123072,BUSINESS_ACCOUNT_001,CREDIT,2002,USER_SARA
LEDG00361,2024-02-14,1411.12,INV-697376,Transaction INV697376,BUSINESS_ACCOUNT_001,DEBIT,2002,SYSTEM_AUTO
LEDG00105,2024-02-15,1888.68,TRF185291,Transaction TRF185291,BUSINESS_ACCOUNT_001,CREDIT,2002,SYSTEM_AUTO
LEDG00032,2024-02-15,249.84,SAL957225,Transaction SAL957225,BUSINESS_ACCOUNT_001,CREDIT,2001,USER_JOHN
LEDG00185,2024-02-16,50.0,REF385730,Transaction REF385730,BUSINESS_ACCOUNT_001,DEBIT,1002,USER_SARA
LEDG00408,2024-02-16,929.28,REF846333,Transaction REF846333,BUSINESS_ACCOUNT_001,CREDIT,1001,USER_JOHN
LEDG00219,2024-02-16,1600.58,REF416611,Transaction REF416611,BUSINESS_ACCOUNT_001,TRANSFER,2002,SYSTEM_AUTO
LEDG00333,2024-02-16,50.01,REF093595,Transaction REF093595,BUSINESS_ACCOUNT_001,CREDIT,1001,SYSTEM_AUTO
LEDG00429,2024-02-16,500.0,CHK485032,Transaction CHK485032,BUSINESS_ACCOUNT_001,CREDIT,2002,SYSTEM_AUTO
LEDG00160,2024-02-16,100.44,REF769565,Transaction REF769565,BUSINESS_ACCOUNT_001,CREDIT,2002,USER_SARA
LEDG00110,2024-02-16,134.05,REF818516,Transaction REF818516,BUSINESS_ACCOUNT_001,CREDIT,2001,USER_JOHN
LEDG00426,2024-02-17,100.0,TRF068951,Transaction TRF068951,BUSINESS_ACCOUNT_001,CREDIT,2001,USER_SARA
LEDG00455,2024-02-17,47.6,REF936002,Ledger-only transaction,INTERNAL_LEDGER_001,JOURNAL_ENTRY,3001,USER_SARA
LEDG00063,2024-02-17,50.0,,Transaction INV406721,BUSINESS_ACCOUNT_001,TRANSFER,1002,USER_SARA
LEDG00274,2024-02-17,500.0,,Transaction PAY834127,BUSINESS_ACCOUNT_001,CREDIT,1002,USER_SARA
LEDG00275,2024-02-17,1749.04,TRF246001,Transaction TRF246001,BUSINESS_ACCOUNT_001,DEBIT,2001,USER_SARA
LEDG00026,2024-02-17,500.0,SAL701609,Transaction SAL701609,BUSINESS_ACCOUNT_001,TRANSFER,1002,USER_JOHN
LEDG00262,2024-02-17,250.0,SAL331372,Transaction SAL331372,BUSINESS_ACCOUNT_001,TRANSFER,2001,SYSTEM_AUTO
LEDG00226,2024-02-17,99.75,REF371097,Transaction REF371097,BUSINESS_ACCOUNT_001,DEBIT,2002,SYSTEM_AUTO
LEDG00500,2024-02-18,1393.29,CHK472791,Ledger-only transaction,INTERNAL_LEDGER_001,JOURNAL_ENTRY,1002,SYSTEM_AUTO
LEDG00445,2024-02-18,1615.06,PAY871325-PYMT,Transaction PAY871325,BUSINESS_ACCOUNT_001,CREDIT,1001,USER_SARA
LEDG00217,2024-02-18,1135.81,SAL301716,Transaction SAL301716,BUSINESS_ACCOUNT_001,CREDIT,1002,USER_SARA
LEDG00371,2024-02-18,124.54,SAL529250,Transaction SAL529250,BUSINESS_ACCOUNT_001,TRANSFER,2001,USER_SARA
LEDG00343,2024-02-18,1605.44,SAL080938,Transaction SAL080938,BUSINESS_ACCOUNT_001,DEBIT,3001,USER_SARA
LEDG00352,2024-02-18,500.0,INV239394,Transaction INV239394,BUSINESS_ACCOUNT_001,CREDIT,2001,SYSTEM_AUTO
LEDG00263,2024-02-19,500.0,REF637127,Transaction REF637127,BUSINESS_ACCOUNT_001,DEBIT,1002,USER_SARA
LEDG00145,2024-02-19,1061.02,TRF162939,Transaction TRF162939,BUSINESS_ACCOUNT_001,CREDIT,2001,USER_SARA
LEDG00325,2024-02-19,1000.0,INV679456,Transaction INV679456,BUSINESS_ACCOUNT_001,DEBIT,2002,USER_SARA
LEDG00401,2024-02-20,371.37,SAL499808,Transaction SAL499808,BUSINESS_ACCOUNT_001,CREDIT,1002,SYSTEM_AUTO
LEDG00089,2024-02-20,1000.0,TRF328776,Transaction TRF328776,BUSINESS_ACCOUNT_001,DEBIT,2001,USER_JOHN
LEDG00346,2024-02-20,762.2,PAY727185,Transaction PAY727185,BUSINESS_ACCOUNT_001,CREDIT,1002,SYSTEM_AUTO
LEDG00355,2024-02-20,743.37,,Transaction CHK779586,BUSINESS_ACCOUNT_001,DEBIT,1002,USER_JOHN
LEDG00047,2024-02-20,250.01,INV088937,Transaction INV088937,BUSINESS_ACCOUNT_001,CREDIT,2001,SYSTEM_AUTO
LEDG00257,2024-02-20,1133.27,SAL978145,Transaction SAL978145,BUSINESS_ACCOUNT_001,CREDIT,2001,SYSTEM_AUTO
LEDG00419,2024-02-20,50.0,PAY946430,Transaction PAY946430,BUSINESS_ACCOUNT_001,DEBIT,3001,USER_SARA
LEDG00173,2024-02-20,1000.0,TRF112594,Transaction TRF112594,BUSINESS_ACCOUNT_001,CREDIT,1001,SYSTEM_AUTO
LEDG00181,2024-02-20,1000.0,TRF960865,Transaction TRF960865,BUSINESS_ACCOUNT_001,CREDIT,3001,USER_JOHN
LEDG00049,2024-02-21,50.0,REF816772,Transaction REF816772,BUSINESS_ACCOUNT_001,DEBIT,2002,SYSTEM_AUTO
LEDG00227,2024-02-21,305.84,PAY216465,Transaction PAY216465,BUSINESS_ACCOUNT_001,DEBIT,2001,USER_JOHN
LEDG00398,2024-02-21,393.26,INV058362,Transaction INV058362,BUSINESS_ACCOUNT_001,DEBIT,2002,USER_SARA
LEDG00251,2024-02-21,1000.0,CHK343729,Transaction CHK343729,BUSINESS_ACCOUNT_001,TRANSFER,3001,SYSTEM_AUTO
LEDG00306,2024-02-21,341.79,,Transaction REF774589,BUSINESS_ACCOUNT_001,TRANSFER,3001,USER_SARA
LEDG00057,2024-02-21,1219.03,REF667125,Transaction REF667125,BUSINESS_ACCOUNT_001,CREDIT,1002,USER_JOHN
LEDG00012,2024-02-21,500.0,SAL364444,Transaction SAL364444,BUSINESS_ACCOUNT_001,DEBIT,2001,USER_JOHN
LEDG00193,2024-02-21,500.0,CHK700708,Transaction CHK700708,BUSINESS_ACCOUNT_001,CREDIT,1002,USER_SARA
LEDG00171,2024-02-22,1727.65,TRF471797,Transaction TRF471797,BUSINESS_ACCOUNT_001,CREDIT,2002,SYSTEM_AUTO
LEDG00439,2024-02-22,50.0,INV753381,Transaction INV753381,BUSINESS_ACCOUNT_001,CREDIT,2002,USER_SARA
LEDG00269,2024-02-22,1759.35,TRF439915,Transaction TRF439915,BUSINESS_ACCOUNT_001,DEBIT,1002,USER_JOHN
LEDG00086,2024-02-22,103.32,PAY794121-PYMT,Transaction PAY794121,BUSINESS_ACCOUNT_001,DEBIT,1002,USER_JOHN
LEDG00482,2024-02-22,774.25,SAL712871,Ledger-only transaction,INTERNAL_LEDGER_001,JOURNAL_ENTRY,1002,SYSTEM_AUTO
LEDG00375,2024-02-23,523.2,INV536135,Transaction INV536135,BUSINESS_ACCOUNT_001,CREDIT,3001,USER_SARA
LEDG00184,2024-02-23,1289.41,REF761792,Transaction REF761792,BUSINESS_ACCOUNT_001,CREDIT,1001,USER_JOHN
LEDG00078,2024-02-23,1629.45,REF894062,Transaction REF894062,BUSINESS_ACCOUNT_001,CREDIT,2002,USER_JOHN
LEDG00400,2024-02-23,1596.62,TRF625501,Transaction TRF625501,BUSINESS_ACCOUNT_001,TRANSFER,3001,USER_JOHN
LEDG00472,2024-02-23,1417.55,TRF770810,Ledger-only transaction,INTERNAL_LEDGER_001,JOURNAL_ENTRY,2002,USER_JOHN
LEDG00339,2024-02-23,999.99,REF107715,Transaction REF107715,BUSINESS_ACCOUNT_001,DEBIT,2001,USER_JOHN
LEDG00183,2024-02-24,220.61,PAY588262-PYMT,Transaction PAY588262,BUSINESS_ACCOUNT_001,DEBIT,1001,USER_SARA
LEDG00096,2024-02-24,1326.69,PAY143831,Transaction PAY143831,BUSINESS_ACCOUNT_001,CREDIT,2001,SYSTEM_AUTO
LEDG00458,2024-02-24,787.71,CHK533983,Ledger-only transaction,INTERNAL_LEDGER_001,JOURNAL_ENTRY,2002,USER_SARA
LEDG00272,2024-02-24,1000.0,TRF051293,Transaction TRF051293,BUSINESS_ACCOUNT_001,CREDIT,3001,USER_JOHN
LEDG00284,2024-02-24,1396.34,INV834514,Transaction INV834514,BUSINESS_ACCOUNT_001,CREDIT,1002,USER_JOHN
LEDG00248,2024-02-24,481.0,SAL264800,Transaction SAL264800,BUSINESS_ACCOUNT_001,DEBIT,2001,USER_JOHN
LEDG00293,2024-02-25,50.0,INV025944,Transaction INV025944,BUSINESS_ACCOUNT_001,TRANSFER,2001,SYSTEM_AUTO
LEDG00372,2024-02-25,250.0,CHK474749,Transaction CHK474749,BUSINESS_ACCOUNT_001,CREDIT,2001,SYSTEM_AUTO
LEDG00010,2024-02-25,379.2,CHK123787,Transaction CHK123787,BUSINESS_ACCOUNT_001,DEBIT,1001,SYSTEM_AUTO
LEDG00003,2024-02-26,250.0,PAY993560,Transaction PAY993560,BUSINESS_ACCOUNT_001,DEBIT,2001,USER_JOHN
LEDG00204,2024-02-26,1000.0,REF498767,Transaction REF498767,BUSINESS_ACCOUNT_001,TRANSFER,3001,USER_SARA
LEDG00138,2024-02-26,433.33,INV-167343,Transaction INV167343,BUSINESS_ACCOUNT_001,DEBIT,2001,SYSTEM_AUTO
LEDG00314,2024-02-26,1188.89,TRF219742,Transaction TRF219742,BUSINESS_ACCOUNT_001,CREDIT,1002,USER_JOHN
LEDG00492,2024-02-26,347.84,CHK673104,Ledger-only transaction,INTERNAL_LEDGER_001,JOURNAL_ENTRY,2001,USER_SARA
LEDG00092,2024-02-27,100.0,TRF573305,Transaction TRF573305,BUSINESS_ACCOUNT_001,CREDIT,2001,SYSTEM_AUTO
LEDG00224,2024-02-27,1463.79,SAL633165,Transaction SAL633165,BUSINESS_ACCOUNT_001,DEBIT,2001,USER_SARA
LEDG00258,2024-02-27,996.79,REF308605,Transaction REF308605,BUSINESS_ACCOUNT_001,DEBIT,1001,USER_JOHN
LEDG00112,2024-02-27,1000.0,SAL750973,Transaction SAL750973,BUSINESS_ACCOUNT_001,CREDIT,3001,USER_JOHN
LEDG00298,2024-02-27,512.49,TRF560531,Transaction TRF560531,BUSINESS_ACCOUNT_001,CREDIT,1001,SYSTEM_AUTO
LEDG00334,2024-02-28,888.65,INV202945,Transaction INV202945,BUSINESS_ACCOUNT_001,DEBIT,1001,USER_JOHN
LEDG00479,2024-02-28,1056.71,INV912091,Ledger-only transaction,INTERNAL_LEDGER_001,JOURNAL_ENTRY,3001,USER_SARA
LEDG00399,2024-02-28,909.91,PAY832656,Transaction PAY832656,BUSINESS_ACCOUNT_001,TRANSFER,2001,USER_SARA
LEDG00404,2024-02-28,1674.76,REF729860,Transaction REF729860,BUSINESS_ACCOUNT_001,CREDIT,2001,USER_JOHN
LEDG00125,2024-02-28,100.0,INV484270,Transaction INV484270,BUSINESS_ACCOUNT_001,CREDIT,1001,USER_JOHN
LEDG00498,2024-02-28,424.92,REF236949,Ledger-only transaction,INTERNAL_LEDGER_001,JOURNAL_ENTRY,1002,USER_JOHN
LEDG00228,2024-02-28,499.5,PAY554268,Transaction PAY554268,BUSINESS_ACCOUNT_001,TRANSFER,1001,SYSTEM_AUTO
LEDG00461,2024-02-28,938.98,PAY597924,Ledger-only transaction,INTERNAL_LEDGER_001,JOURNAL_ENTRY,1002,SYSTEM_AUTO
LEDG00238,2024-02-28,1939.25,PAY339132,Transaction PAY339132,BUSINESS_ACCOUNT_001,DEBIT,1001,SYSTEM_AUTO
LEDG00159,2024-02-28,386.55,REF116792,Transaction REF116792,BUSINESS_ACCOUNT_001,DEBIT,1001,SYSTEM_AUTO
LEDG00297,2024-02-28,880.02,REF958152,Transaction REF958152,BUSINESS_ACCOUNT_001,DEBIT,2002,SYSTEM_AUTO
LEDG00059,2024-02-29,690.74,SAL314882,Transaction SAL314882,BUSINESS_ACCOUNT_001,DEBIT,1001,USER_JOHN
LEDG00020,2024-02-29,500.0,TRF446396,Transaction TRF446396,BUSINESS_ACCOUNT_001,DEBIT,1001,USER_SARA
LEDG00144,2024-02-29,1936.27,REF543375,Transaction REF543375,BUSINESS_ACCOUNT_001,DEBIT,1001,SYSTEM_AUTO
LEDG00018,2024-02-29,1000.0,CHK179919,Transaction CHK179919,BUSINESS_ACCOUNT_001,CREDIT,2001,SYSTEM_AUTO
LEDG00237,2024-02-29,500.0,SAL585638,Transaction SAL585638,BUSINESS_ACCOUNT_001,DEBIT,3001,USER_SARA
LEDG00453,2024-02-29,513.1,CHK230493,Ledger-only transaction,INTERNAL_LEDGER_001,JOURNAL_ENTRY,3001,USER_SARA
LEDG00424,2024-02-29,960.65,TRF419317,Transaction TRF419317,BUSINESS_ACCOUNT_001,CREDIT,1001,USER_JOHN
LEDG00469,2024-02-29,447.98,INV282628,Ledger-only transaction,INTERNAL_LEDGER_001,JOURNAL_ENTRY,2002,USER_SARA
LEDG00157,2024-03-01,1691.3,INV980113,Transaction INV980113,BUSINESS_ACCOUNT_001,DEBIT,2001,USER_SARA
LEDG00104,2024-03-01,250.0,REF191074,Transaction REF191074,BUSINESS_ACCOUNT_001,DEBIT,2002,SYSTEM_AUTO
LEDG00106,2024-03-01,1938.91,REF140125,Transaction REF140125,BUSINESS_ACCOUNT_001,DEBIT,2002,USER_SARA
LEDG00405,2024-03-01,966.99,INV684857,Transaction INV684857,BUSINESS_ACCOUNT_001,TRANSFER,2002,USER_JOHN
LEDG00006,2024-03-02,1000.0,CHK859430,Transaction CHK859430,BUSINESS_ACCOUNT_001,DEBIT,1001,USER_JOHN
LEDG00045,2024-03-02,452.93,,Transaction SAL935024,BUSINESS_ACCOUNT_001,DEBIT,1002,USER_SARA
LEDG00084,2024-03-02,411.44,INV819840,Transaction INV819840,BUSINESS_ACCOUNT_001,DEBIT,1002,SYSTEM_AUTO
LEDG00428,2024-03-02,1784.87,PAY999348,Transaction PAY999348,BUSINESS_ACCOUNT_001,CREDIT,1001,USER_JOHN
LEDG00374,2024-03-02,1000.01,PAY233568,Transaction PAY233568,BUSINESS_ACCOUNT_001,CREDIT,2002,SYSTEM_AUTO
LEDG00079,2024-03-02,1935.35,REF712830,Transaction REF712830,BUSINESS_ACCOUNT_001,TRANSFER,3001,USER_SARA
LEDG00430,2024-03-02,1947.24,CHK246790,Transaction CHK246790,BUSINESS_ACCOUNT_001,DEBIT,1001,USER_SARA
LEDG00044,2024-03-02,500.0,INV237923,Transaction INV237923,BUSINESS_ACCOUNT_001,CREDIT,2002,SYSTEM_AUTO
LEDG00491,2024-03-02,973.43,SAL998768,Ledger-only transaction,INTERNAL_LEDGER_001,JOURNAL_ENTRY,3001,USER_SARA
LEDG00463,2024-03-02,89.74,TRF278227,Ledger-only transaction,INTERNAL_LEDGER_001,JOURNAL_ENTRY,1001,SYSTEM_AUTO
LEDG00345,2024-03-02,1930.4,INV290991,Transaction INV290991,BUSINESS_ACCOUNT_001,CREDIT,1001,SYSTEM_AUTO
LEDG00182,2024-03-02,868.75,PAY683722,Transaction PAY683722,BUSINESS_ACCOUNT_001,CREDIT,1001,USER_JOHN
LEDG00241,2024-03-02,1000.0,SAL316305,Transaction SAL316305,BUSINESS_ACCOUNT_001,DEBIT,1001,USER_JOHN
LEDG00176,2024-03-02,1195.32,REF363474,Transaction REF363474,BUSINESS_ACCOUNT_001,CREDIT,1002,SYSTEM_AUTO
LEDG00304,2024-03-02,1424.8,REF920869,Transaction REF920869,BUSINESS_ACCOUNT_001,TRANSFER,2002,USER_JOHN
LEDG00290,2024-03-02,1385.53,SAL333266,Transaction SAL333266,BUSINESS_ACCOUNT_001,CREDIT,2001,USER_JOHN
LEDG00280,2024-03-02,1259.52,REF562507,Transaction REF562507,BUSINESS_ACCOUNT_001,CREDIT,2002,USER_SARA
LEDG00480,2024-03-03,926.73,SAL405577,Ledger-only transaction,INTERNAL_LEDGER_001,JOURNAL_ENTRY,1002,USER_JOHN
LEDG00016,2024-03-03,1620.94,CHK320904,Transaction CHK320904,BUSINESS_ACCOUNT_001,CREDIT,1002,SYSTEM_AUTO
LEDG00327,2024-03-03,1890.07,CHK720157,Transaction CHK720157,BUSINESS_ACCOUNT_001,CREDIT,3001,SYSTEM_AUTO
LEDG00259,2024-03-03,681.52,SAL308596,Transaction SAL308596,BUSINESS_ACCOUNT_001,DEBIT,3001,USER_JOHN
LEDG00422,2024-03-03,72.29,SAL400249,Transaction SAL400249,BUSINESS_ACCOUNT_001,DEBIT,2002,USER_JOHN
LEDG00223,2024-03-03,500.0,TRF944785,Transaction TRF944785,BUSINESS_ACCOUNT_001,DEBIT,2002,USER_SARA
LEDG00433,2024-03-03,953.69,TRF522032,Transaction TRF522032,BUSINESS_ACCOUNT_001,TRANSFER,1002,USER_SARA
LEDG00348,2024-03-03,1000.0,PAY459292,Transaction PAY459292,BUSINESS_ACCOUNT_001,DEBIT,1001,USER_JOHN
LEDG00318,2024-03-03,989.31,TRF193102,Transaction TRF193102,BUSINESS_ACCOUNT_001,DEBIT,1001,USER_JOHN
LEDG00368,2024-03-04,500.01,PAY024681,Transaction PAY024681,BUSINESS_ACCOUNT_001,CREDIT,1002,USER_JOHN
LEDG00123,2024-03-04,250.0,SAL443387,Transaction SAL443387,BUSINESS_ACCOUNT_001,CREDIT,1002,USER_SARA
LEDG00033,2024-03-04,100.0,SAL870550,Transaction SAL870550,BUSINESS_ACCOUNT_001,TRANSFER,2001,USER_SARA
LEDG00053,2024-03-04,1067.22,SAL450220,Transaction SAL450220,BUSINESS_ACCOUNT_001,TRANSFER,2002,SYSTEM_AUTO
LEDG00103,2024-03-04,191.66,PAY611079,Transaction PAY611079,BUSINESS_ACCOUNT_001,CREDIT,1002,USER_SARA
LEDG00060,2024-03-04,792.05,SAL394513,Transaction SAL394513,BUSINESS_ACCOUNT_001,DEBIT,2002,SYSTEM_AUTO
LEDG00051,2024-03-05,1454.18,PAY078469,Transaction PAY078469,BUSINESS_ACCOUNT_001,TRANSFER,1001,USER_JOHN
LEDG00344,2024-03-05,1198.57,CHK118740,Transaction CHK118740,BUSINESS_ACCOUNT_001,CREDIT,3001,USER_SARA
LEDG00191,2024-03-05,664.74,TRF313327,Transaction TRF313327,BUSINESS_ACCOUNT_001,CREDIT,1001,USER_SARA
LEDG00261,2024-03-06,250.0,SAL477157,Transaction SAL477157,BUSINESS_ACCOUNT_001,TRANSFER,2002,USER_JOHN
LEDG00292,2024-03-06,143.68,SAL718739,Transaction SAL718739,BUSINESS_ACCOUNT_001,DEBIT,1002,USER_SARA
LEDG00024,2024-03-06,1258.75,PAY189147,Transaction PAY189147,BUSINESS_ACCOUNT_001,TRANSFER,3001,USER_JOHN
LEDG00066,2024-03-06,1187.86,TRF609539,Transaction TRF609539,BUSINESS_ACCOUNT_001,CREDIT,2001,SYSTEM_AUTO
LEDG00411,2024-03-06,1439.73,PAY988124,Transaction PAY988124,BUSINESS_ACCOUNT_001,CREDIT,1002,SYSTEM_AUTO
LEDG00288,2024-03-07,890.17,CHK986317,Transaction CHK986317,BUSINESS_ACCOUNT_001,DEBIT,1002,SYSTEM_AUTO
LEDG00483,2024-03-07,1059.08,SAL359289,Ledger-only transaction,INTERNAL_LEDGER_001,JOURNAL_ENTRY,2002,USER_JOHN
LEDG00446,2024-03-07,50.0,PAY308536-PYMT,Transaction PAY308536,BUSINESS_ACCOUNT_001,DEBIT,1002,USER_JOHN
LEDG00342,2024-03-07,100.0,CHK024142,Transaction CHK024142,BUSINESS_ACCOUNT_001,DEBIT,3001,SYSTEM_AUTO
LEDG00311,2024-03-07,1754.56,REF266202,Transaction REF266202,BUSINESS_ACCOUNT_001,DEBIT,2002,USER_SARA
LEDG00308,2024-03-08,100.0,INV190612,Transaction INV190612,BUSINESS_ACCOUNT_001,DEBIT,1002,USER_JOHN
LEDG00460,2024-03-08,1130.0,CHK665849,Ledger-only transaction,INTERNAL_LEDGER_001,JOURNAL_ENTRY,1002,USER_SARA
LEDG00158,2024-03-08,1864.92,SAL536046,Transaction SAL536046,BUSINESS_ACCOUNT_001,CREDIT,1002,USER_SARA
LEDG00054,2024-03-08,1665.95,CHK377602,Transaction CHK377602,BUSINESS_ACCOUNT_001,CREDIT,1002,USER_JOHN
LEDG00281,2024-03-08,1042.66,CHK764728,Transaction CHK764728,BUSINESS_ACCOUNT_001,CREDIT,2002,SYSTEM_AUTO
LEDG00140,2024-03-09,1143.19,TRF307673,Transaction TRF307673,BUSINESS_ACCOUNT_001,DEBIT,1002,USER_JOHN
LEDG00267,2024-03-09,1819.95,REF599058,Transaction REF599058,BUSINESS_ACCOUNT_001,DEBIT,1002,SYSTEM_AUTO
LEDG00169,2024-03-09,1256.18,SAL854535,Transaction SAL854535,BUSINESS_ACCOUNT_001,TRANSFER,3001,SYSTEM_AUTO
LEDG00085,2024-03-09,1392.45,CHK281078,Transaction CHK281078,BUSINESS_ACCOUNT_001,TRANSFER,1001,USER_SARA
LEDG00201,2024-03-09,1451.33,SAL438394,Transaction SAL438394,BUSINESS_ACCOUNT_001,TRANSFER,2001,USER_JOHN
LEDG00253,2024-03-09,49.99,TRF469445,Transaction TRF469445,BUSINESS_ACCOUNT_001,TRANSFER,2002,SYSTEM_AUTO
LEDG00218,2024-03-09,50.0,REF899219,Transaction REF899219,BUSINESS_ACCOUNT_001,DEBIT,1002,SYSTEM_AUTO
LEDG00357,2024-03-10,1000.0,REF879335,Transaction REF879335,BUSINESS_ACCOUNT_001,DEBIT,3001,SYSTEM_AUTO
LEDG00035,2024-03-10,151.67,TRF314956,Transaction TRF314956,BUSINESS_ACCOUNT_001,CREDIT,1001,SYSTEM_AUTO
LEDG00178,2024-03-10,1000.0,REF018787,Transaction REF018787,BUSINESS_ACCOUNT_001,TRANSFER,1001,USER_JOHN
LEDG00172,2024-03-11,232.96,SAL218934,Transaction SAL218934,BUSINESS_ACCOUNT_001,CREDIT,1002,SYSTEM_AUTO
LEDG00029,2024-03-11,1114.08,INV868311,Transaction INV868311,BUSINESS_ACCOUNT_001,TRANSFER,2001,SYSTEM_AUTO
LEDG00394,2024-03-11,1016.72,REF736328,Transaction REF736328,BUSINESS_ACCOUNT_001,CREDIT,3001,SYSTEM_AUTO
LEDG00373,2024-03-11,1491.06,SAL064305,Transaction SAL064305,BUSINESS_ACCOUNT_001,TRANSFER,2002,USER_JOHN
LEDG00136,2024-03-11,1262.5,REF105820,Transaction REF105820,BUSINESS_ACCOUNT_001,CREDIT,3001,USER_JOHN
LEDG00454,2024-03-11,1482.9,REF330180,Ledger-only transaction,INTERNAL_LEDGER_001,JOURNAL_ENTRY,2001,USER_JOHN
LEDG00490,2024-03-12,77.72,CHK523190,Ledger-only transaction,INTERNAL_LEDGER_001,JOURNAL_ENTRY,2001,SYSTEM_AUTO
LEDG00082,2024-03-12,1000.0,,Transaction CHK772643,BUSINESS_ACCOUNT_001,DEBIT,2001,USER_JOHN
LEDG00489,2024-03-12,1146.71,INV785167,Ledger-only transaction,INTERNAL_LEDGER_001,JOURNAL_ENTRY,2001,SYSTEM_AUTO
LEDG00313,2024-03-12,100.01,INV385583,Transaction INV385583,BUSINESS_ACCOUNT_001,CREDIT,1001,USER_SARA
LEDG00212,2024-03-12,1000.01,INV676693,Transaction INV676693,BUSINESS_ACCOUNT_001,CREDIT,1002,USER_SARA
LEDG00174,2024-03-12,50.0,TRF340359,Transaction TRF340359,BUSINESS_ACCOUNT_001,DEBIT,1002,USER_JOHN
LEDG00395,2024-03-12,1000.0,PAY392537,Transaction PAY392537,BUSINESS_ACCOUNT_001,DEBIT,3001,USER_SARA
LEDG00475,2024-03-12,1180.86,REF336321,Ledger-only transaction,INTERNAL_LEDGER_001,JOURNAL_ENTRY,2001,SYSTEM_AUTO
LEDG00168,2024-03-13,87.98,SAL021633,Transaction SAL021633,BUSINESS_ACCOUNT_001,CREDIT,2001,USER_SARA
LEDG00323,2024-03-13,250.01,CHK425143,Transaction CHK425143,BUSINESS_ACCOUNT_001,CREDIT,2002,USER_SARA
LEDG00052,2024-03-13,288.15,TRF177427,Transaction TRF177427,BUSINESS_ACCOUNT_001,CREDIT,2001,USER_JOHN
LEDG00046,2024-03-14,759.71,TRF127277,Transaction TRF127277,BUSINESS_ACCOUNT_001,DEBIT,3001,SYSTEM_AUTO
LEDG00090,2024-03-15,732.49,CHK920459,Transaction CHK920459,BUSINESS_ACCOUNT_001,DEBIT,2001,USER_SARA
LEDG00147,2024-03-15,100.0,TRF530781,Transaction TRF530781,BUSINESS_ACCOUNT_001,DEBIT,3001,SYSTEM_AUTO
LEDG00221,2024-03-15,1249.65,SAL539542,Transaction SAL539542,BUSINESS_ACCOUNT_001,CREDIT,1001,USER_JOHN
LEDG00448,2024-03-15,51.0,,Transaction SAL208432,BUSINESS_ACCOUNT_001,DEBIT,2001,USER_JOHN
LEDG00383,2024-03-15,1935.49,INV-046812,Transaction INV046812,BUSINESS_ACCOUNT_001,TRANSFER,1002,USER_SARA
LEDG00121,2024-03-15,1417.4,REF068735,Transaction REF068735,BUSINESS_ACCOUNT_001,DEBIT,3001,USER_SARA
LEDG00034,2024-03-15,184.87,SAL505173,Transaction SAL505173,BUSINESS_ACCOUNT_001,CREDIT,2001,USER_JOHN
LEDG00403,2024-03-16,100.0,CHK271515,Transaction CHK271515,BUSINESS_ACCOUNT_001,DEBIT,3001,SYSTEM_AUTO
LEDG00499,2024-03-16,1280.94,INV065818,Ledger-only transaction,INTERNAL_LEDGER_001,JOURNAL_ENTRY,1001,USER_JOHN
LEDG00477,2024-03-17,19.59,SAL910497,Ledger-only transaction,INTERNAL_LEDGER_001,JOURNAL_ENTRY,1001,SYSTEM_AUTO
LEDG00296,2024-03-17,500.0,SAL172984,Transaction SAL172984,BUSINESS_ACCOUNT_001,TRANSFER,2002,USER_SARA
LEDG00468,2024-03-17,307.26,INV307358,Ledger-only transaction,INTERNAL_LEDGER_001,JOURNAL_ENTRY,3001,USER_SARA
LEDG00321,2024-03-17,500.0,TRF320913,Transaction TRF320913,BUSINESS_ACCOUNT_001,DEBIT,3001,SYSTEM_AUTO
LEDG00197,2024-03-17,1120.41,INV898864,Transaction INV898864,BUSINESS_ACCOUNT_001,DEBIT,3001,USER_JOHN
LEDG00494,2024-03-18,707.81,SAL731938,Ledger-only transaction,INTERNAL_LEDGER_001,JOURNAL_ENTRY,2001,USER_SARA
LEDG00441,2024-03-18,1216.29,INV462215,Transaction INV462215,BUSINESS_ACCOUNT_001,CREDIT,2002,USER_SARA
LEDG00186,2024-03-18,474.1,CHK073515,Transaction CHK073515,BUSINESS_ACCOUNT_001,TRANSFER,1002,USER_SARA
LEDG00379,2024-03-18,50.0,INV615786,Transaction INV615786,BUSINESS_ACCOUNT_001,TRANSFER,1001,USER_JOHN
LEDG00302,2024-03-18,1000.0,,Transaction PAY681156,BUSINESS_ACCOUNT_001,CREDIT,2001,USER_SARA
LEDG00322,2024-03-19,1691.12,CHK356173,Transaction CHK356173,BUSINESS_ACCOUNT_001,CREDIT,3001,USER_SARA
LEDG00202,2024-03-19,1999.44,SAL953446,Transaction SAL953446,BUSINESS_ACCOUNT_001,DEBIT,3001,USER_JOHN
LEDG00415,2024-03-19,609.74,CHK176693,Transaction CHK176693,BUSINESS_ACCOUNT_001,CREDIT,2001,USER_SARA
LEDG00486,2024-03-20,1065.1,REF882494,Ledger-only transaction,INTERNAL_LEDGER_001,JOURNAL_ENTRY,1002,USER_JOHN
LEDG00209,2024-03-20,999.99,PAY195979,Transaction PAY195979,BUSINESS_ACCOUNT_001,CREDIT,1001,USER_JOHN
LEDG00131,2024-03-20,1675.56,PAY882406,Transaction PAY882406,BUSINESS_ACCOUNT_001,CREDIT,2001,SYSTEM_AUTO
LEDG00195,2024-03-21,990.31,SAL135674,Transaction SAL135674,BUSINESS_ACCOUNT_001,DEBIT,1001,USER_JOHN
LEDG00465,2024-03-21,355.76,REF944956,Ledger-only transaction,INTERNAL_LEDGER_001,JOURNAL_ENTRY,2001,SYSTEM_AUTO
LEDG00232,2024-03-21,99.99,,Transaction CHK480928,BUSINESS_ACCOUNT_001,CREDIT,2002,SYSTEM_AUTO
LEDG00134,2024-03-21,654.74,SAL369020,Transaction SAL369020,BUSINESS_ACCOUNT_001,DEBIT,2001,USER_SARA
LEDG00074,2024-03-22,273.23,CHK900958,Transaction CHK900958,BUSINESS_ACCOUNT_001,DEBIT,2002,USER_SARA
LEDG00128,2024-03-22,1526.79,REF169009,Transaction REF169009,BUSINESS_ACCOUNT_001,DEBIT,1002,USER_SARA
LEDG00040,2024-03-22,1000.5,SAL251853,Transaction SAL251853,BUSINESS_ACCOUNT_001,DEBIT,2002,USER_SARA
LEDG00151,2024-03-22,999.5,PAY319155,Transaction PAY319155,BUSINESS_ACCOUNT_001,DEBIT,3001,USER_JOHN
LEDG00196,2024-03-22,427.71,CHK265111,Transaction CHK265111,BUSINESS_ACCOUNT_001,DEBIT,1001,USER_SARA
LEDG00056,2024-03-23,156.86,INV-140773,Transaction INV140773,BUSINESS_ACCOUNT_001,CREDIT,2002,USER_JOHN
LEDG00467,2024-03-23,835.96,SAL149196,Ledger-only transaction,INTERNAL_LEDGER_001,JOURNAL_ENTRY,2001,SYSTEM_AUTO
LEDG00350,2024-03-23,1000.0,TRF847209,Transaction TRF847209,BUSINESS_ACCOUNT_001,TRANSFER,1002,USER_SARA
LEDG00229,2024-03-23,54.71,SAL532369,Transaction SAL532369,BUSINESS_ACCOUNT_001,DEBIT,2001,SYSTEM_AUTO
LEDG00452,2024-03-23,864.1,SAL640182,Ledger-only transaction,INTERNAL_LEDGER_001,JOURNAL_ENTRY,3001,USER_SARA
LEDG00300,2024-03-24,100.0,CHK140230,Transaction CHK140230,BUSINESS_ACCOUNT_001,DEBIT,2001,USER_JOHN
LEDG00335,2024-03-24,249.99,INV288495,Transaction INV288495,BUSINESS_ACCOUNT_001,DEBIT,2001,USER_JOHN
LEDG00126,2024-03-24,99.5,REF027367,Transaction REF027367,BUSINESS_ACCOUNT_001,CREDIT,3001,SYSTEM_AUTO
LEDG00014,2024-03-25,1115.31,,Transaction TRF863136,BUSINESS_ACCOUNT_001,DEBIT,1001,SYSTEM_AUTO
LEDG00155,2024-03-25,307.67,REF757356,Transaction REF757356,BUSINESS_ACCOUNT_001,DEBIT,3001,USER_SARA
LEDG00294,2024-03-25,1690.65,PAY694685-PYMT,Transaction PAY694685,BUSINESS_ACCOUNT_001,DEBIT,2001,USER_JOHN
LEDG00337,2024-03-26,702.14,CHK668647,Transaction CHK668647,BUSINESS_ACCOUNT_001,CREDIT,1002,USER_SARA
LEDG00129,2024-03-26,500.0,INV443400,Transaction INV443400,BUSINESS_ACCOUNT_001,DEBIT,3001,SYSTEM_AUTO
LEDG00331,2024-03-26,1635.97,PAY129692,Transaction PAY129692,BUSINESS_ACCOUNT_001,CREDIT,1001,USER_JOHN
LEDG00420,2024-03-26,1106.21,INV448763,Transaction INV448763,BUSINESS_ACCOUNT_001,CREDIT,2002,SYSTEM_AUTO
LEDG00216,2024-03-26,707.92,SAL494204,Transaction SAL494204,BUSINESS_ACCOUNT_001,DEBIT,2001,USER_SARA
LEDG00330,2024-03-27,79.38,SAL494619,Transaction SAL494619,BUSINESS_ACCOUNT_001,DEBIT,1002,USER_JOHN
LEDG00442,2024-03-27,1911.74,INV034602,Transaction INV034602,BUSINESS_ACCOUNT_001,DEBIT,1002,USER_JOHN
LEDG00142,2024-03-27,1000.0,TRF619795,Transaction TRF619795,BUSINESS_ACCOUNT_001,CREDIT,1001,USER_JOHN
LEDG00285,2024-03-27,500.0,PAY188647,Transaction PAY188647,BUSINESS_ACCOUNT_001,DEBIT,1002,SYSTEM_AUTO
LEDG00243,2024-03-27,952.69,CHK243319,Transaction CHK243319,BUSINESS_ACCOUNT_001,CREDIT,2002,USER_JOHN
LEDG00338,2024-03-27,500.0,CHK117959,Transaction CHK117959,BUSINESS_ACCOUNT_001,DEBIT,1002,USER_JOHN
LEDG00356,2024-03-28,1220.09,CHK946677,Transaction CHK946677,BUSINESS_ACCOUNT_001,DEBIT,2001,USER_SARA
LEDG00055,2024-03-28,1068.39,CHK176887,Transaction CHK176887,BUSINESS_ACCOUNT_001,CREDIT,3001,USER_JOHN
LEDG00377,2024-03-28,125.26,INV264281,Transaction INV264281,BUSINESS_ACCOUNT_001,DEBIT,1001,SYSTEM_AUTO
LEDG00011,2024-03-28,852.71,PAY772006,Transaction PAY772006,BUSINESS_ACCOUNT_001,CREDIT,1001,USER_JOHN
LEDG00234,2024-03-28,703.2,TRF273917,Transaction TRF273917,BUSINESS_ACCOUNT_001,TRANSFER,1002,USER_JOHN
LEDG00246,2024-03-28,1032.84,CHK576391,Transaction CHK576391,BUSINESS_ACCOUNT_001,DEBIT,3001,SYSTEM_AUTO
LEDG00100,2024-03-28,1073.31,INV136722,Transaction INV136722,BUSINESS_ACCOUNT_001,CREDIT,2002,USER_SARA
LEDG00265,2024-03-29,1301.16,CHK460169,Transaction CHK460169,BUSINESS_ACCOUNT_001,TRANSFER,1001,USER_JOHN
LEDG00326,2024-03-29,1561.72,SAL007478,Transaction SAL007478,BUSINESS_ACCOUNT_001,CREDIT,1002,USER_SARA
LEDG00462,2024-03-29,904.42,TRF469287,Ledger-only transaction,INTERNAL_LEDGER_001,JOURNAL_ENTRY,2002,USER_SARA
LEDG00417,2024-03-29,823.38,PAY321538,Transaction PAY321538,BUSINESS_ACCOUNT_001,TRANSFER,3001,USER_SARA
LEDG00233,2024-03-29,1058.78,REF709068,Transaction REF709068,BUSINESS_ACCOUNT_001,DEBIT,2001,USER_JOHN
LEDG00042,2024-03-29,622.49,PAY984016,Transaction PAY984016,BUSINESS_ACCOUNT_001,CREDIT,1001,USER_JOHN
LEDG00324,2024-03-30,50.0,PAY562287,Transaction PAY562287,BUSINESS_ACCOUNT_001,CREDIT,1001,USER_SARA
LEDG00111,2024-03-30,800.36,REF574341,Transaction REF574341,BUSINESS_ACCOUNT_001,CREDIT,1002,USER_JOHN
LEDG00150,2024-03-30,250.0,TRF147587,Transaction TRF147587,BUSINESS_ACCOUNT_001,DEBIT,3001,SYSTEM_AUTO
LEDG00167,2024-03-30,50.0,SAL444434,Transaction SAL444434,BUSINESS_ACCOUNT_001,CREDIT,3001,USER_JOHN
LEDG00266,2024-03-30,339.37,INV696983,Transaction INV696983,BUSINESS_ACCOUNT_001,DEBIT,2001,SYSTEM_AUTO
LEDG00435,2024-03-30,50.0,INV603091,Transaction INV603091,BUSINESS_ACCOUNT_001,DEBIT,2002,USER_SARA
LEDG00208,2024-03-30,1733.47,CHK521023,Transaction CHK521023,BUSINESS_ACCOUNT_001,CREDIT,1002,SYSTEM_AUTO
LEDG00470,2024-03-30,363.26,INV745880,Ledger-only transaction,INTERNAL_LEDGER_001,JOURNAL_ENTRY,1002,USER_SARA
